source_id	subject_id	session_id	bold_num	t1w_num	t2w_num	bold_size	t1w_size	bold_duration_total	bold_duration_mean	bold_voxels_total	bold_voxels_mean	bold_tasks	bold_timepoints	bold_trs	datatypes
ds001796	sub-201	n/a	2	2	0	622245411	46694142	1554.0	777.0	1101600	550800.0	flanker,rest	1036	{"1.5":2}	anat,dwi,fmap,func
ds001796	sub-202	n/a	2	2	0	642868484	48127745	1554.0	777.0	1101600	550800.0	flanker,rest	1036	{"1.5":2}	anat,dwi,fmap,func
ds001796	sub-203	n/a	2	2	0	632720340	48972604	1554.0	777.0	1101600	550800.0	flanker,rest	1036	{"1.5":2}	anat,dwi,fmap,func
ds001796	sub-204	n/a	2	2	0	620498382	47938394	1554.0	777.0	1101600	550800.0	flanker,rest	1036	{"1.5":2}	anat,dwi,fmap,func
ds001796	sub-205	n/a	2	2	0	677181674	54428301	1554.0	777.0	1101600	550800.0	flanker,rest	1036	{"1.5":2}	anat,dwi,fmap,func
ds001796	sub-207	n/a	2	2	0	688880762	54594158	1554.0	777.0	1101600	550800.0	flanker,rest	1036	{"1.5":2}	anat,dwi,fmap,func
ds001796	sub-209	n/a	2	2	0	647440246	47816767	1554.0	777.0	1101600	550800.0	flanker,rest	1036	{"1.5":2}	anat,dwi,fmap,func
ds001796	sub-210	n/a	2	2	0	615387398	50184655	1554.0	777.0	1101600	550800.0	flanker,rest	1036	{"1.5":2}	anat,dwi,fmap,func
ds001796	sub-211	n/a	2	2	0	631936943	53586513	1554.0	777.0	1101600	550800.0	flanker,rest	1036	{"1.5":2}	anat,dwi,fmap,func
ds001796	sub-212	n/a	2	2	0	625513230	55673013	1554.0	777.0	1101600	550800.0	flanker,rest	1036	{"1.5":2}	anat,dwi,fmap,func
ds001796	sub-213	n/a	2	2	0	677496676	50802287	1554.0	777.0	1101600	550800.0	flanker,rest	1036	{"1.5":2}	anat,dwi,fmap,func
ds001796	sub-214	n/a	2	2	0	654506342	52108511	1554.0	777.0	1101600	550800.0	flanker,rest	1036	{"1.5":2}	anat,dwi,fmap,func
ds001796	sub-215	n/a	2	2	0	638275927	48247285	1554.0	777.0	1101600	550800.0	flanker,rest	1036	{"1.5":2}	anat,dwi,fmap,func
ds001796	sub-216	n/a	2	2	0	653531516	51636002	1554.0	777.0	1101600	550800.0	flanker,rest	1036	{"1.5":2}	anat,dwi,fmap,func
ds001796	sub-217	n/a	2	2	0	613396919	47740243	1554.0	777.0	1101600	550800.0	flanker,rest	1036	{"1.5":2}	anat,dwi,fmap,func
ds001796	sub-218	n/a	2	2	0	649061362	48836146	1554.0	777.0	1101600	550800.0	flanker,rest	1036	{"1.5":2}	anat,dwi,fmap,func
ds001796	sub-219	n/a	2	2	0	638970413	48428727	1554.0	777.0	1101600	550800.0	flanker,rest	1036	{"1.5":2}	anat,dwi,fmap,func
ds001796	sub-220	n/a	2	2	0	664908867	54593340	1554.0	777.0	1101600	550800.0	flanker,rest	1036	{"1.5":2}	anat,dwi,fmap,func
ds001796	sub-221	n/a	2	2	0	689158421	54407080	1554.0	777.0	1101600	550800.0	flanker,rest	1036	{"1.5":2}	anat,dwi,fmap,func
ds001796	sub-222	n/a	2	2	0	651705648	49908349	1554.0	777.0	1101600	550800.0	flanker,rest	1036	{"1.5":2}	anat,dwi,fmap,func
ds001796	sub-223	n/a	2	2	0	648258175	49059545	1554.0	777.0	1101600	550800.0	flanker,rest	1036	{"1.5":2}	anat,dwi,fmap,func
ds001796	sub-224	n/a	2	2	0	639667337	48399560	1554.0	777.0	1101600	550800.0	flanker,rest	1036	{"1.5":2}	anat,dwi,fmap,func
ds001796	sub-225	n/a	2	2	0	647312355	49372885	1554.0	777.0	1101600	550800.0	flanker,rest	1036	{"1.5":2}	anat,dwi,fmap,func
ds001796	sub-226	n/a	2	2	0	620967606	47290475	1554.0	777.0	1101600	550800.0	flanker,rest	1036	{"1.5":2}	anat,dwi,fmap,func
ds001796	sub-227	n/a	2	2	0	672275717	54384242	1554.0	777.0	1101600	550800.0	flanker,rest	1036	{"1.5":2}	anat,dwi,fmap,func
ds001796	sub-228	n/a	2	2	0	684162300	53168183	1554.0	777.0	1101600	550800.0	flanker,rest	1036	{"1.5":2}	anat,dwi,fmap,func
ds001796	sub-229	n/a	2	2	0	653896205	50941244	1554.0	777.0	1101600	550800.0	flanker,rest	1036	{"1.5":2}	anat,dwi,fmap,func
ds001796	sub-230	n/a	2	2	0	572004882	44950026	1554.0	777.0	1101600	550800.0	flanker,rest	1036	{"1.5":2}	anat,dwi,fmap,func
ds001796	sub-231	n/a	2	2	0	641450112	48226097	1554.0	777.0	1101600	550800.0	flanker,rest	1036	{"1.5":2}	anat,dwi,fmap,func
ds001796	sub-232	n/a	2	2	0	704904797	56956192	1554.0	777.0	1101600	550800.0	flanker,rest	1036	{"1.5":2}	anat,dwi,fmap,func
ds001796	sub-233	n/a	2	2	0	609122377	45670391	1554.0	777.0	1101600	550800.0	flanker,rest	1036	{"1.5":2}	anat,dwi,fmap,func
ds001796	sub-234	n/a	2	2	0	615620085	49430121	1554.0	777.0	1101600	550800.0	flanker,rest	1036	{"1.5":2}	anat,dwi,fmap,func
ds001796	sub-235	n/a	2	2	0	659150919	53137495	1554.0	777.0	1101600	550800.0	flanker,rest	1036	{"1.5":2}	anat,dwi,fmap,func
ds001796	sub-236	n/a	2	2	0	652129661	51424943	1554.0	777.0	1101600	550800.0	flanker,rest	1036	{"1.5":2}	anat,dwi,fmap,func
ds001796	sub-237	n/a	2	2	0	666762499	55479527	1554.0	777.0	1101600	550800.0	flanker,rest	1036	{"1.5":2}	anat,dwi,fmap,func
ds001796	sub-238	n/a	2	2	0	673470284	56977528	1554.0	777.0	1101600	550800.0	flanker,rest	1036	{"1.5":2}	anat,dwi,fmap,func
ds001796	sub-239	n/a	2	2	0	654454472	52688975	1554.0	777.0	1101600	550800.0	flanker,rest	1036	{"1.5":2}	anat,dwi,fmap,func
ds001796	sub-241	n/a	2	2	0	660329865	52200716	1554.0	777.0	1101600	550800.0	flanker,rest	1036	{"1.5":2}	anat,dwi,fmap,func
ds001796	sub-242	n/a	2	2	0	631880319	49591198	1554.0	777.0	1101600	550800.0	flanker,rest	1036	{"1.5":2}	anat,dwi,fmap,func
ds001796	sub-243	n/a	2	2	0	643562952	52356050	1554.0	777.0	1101600	550800.0	flanker,rest	1036	{"1.5":2}	anat,dwi,fmap,func
ds001796	sub-244	n/a	2	2	0	675756553	53629710	1554.0	777.0	1101600	550800.0	flanker,rest	1036	{"1.5":2}	anat,dwi,fmap,func
ds001796	sub-245	n/a	2	2	0	667744950	53158549	1554.0	777.0	1101600	550800.0	flanker,rest	1036	{"1.5":2}	anat,dwi,fmap,func
ds001796	sub-246	n/a	2	2	0	640086989	48031320	1554.0	777.0	1101600	550800.0	flanker,rest	1036	{"1.5":2}	anat,dwi,fmap,func
ds001796	sub-247	n/a	2	2	0	652145685	50682366	1554.0	777.0	1101600	550800.0	flanker,rest	1036	{"1.5":2}	anat,dwi,fmap,func
ds001796	sub-248	n/a	2	2	0	631169156	48806782	1554.0	777.0	1101600	550800.0	flanker,rest	1036	{"1.5":2}	anat,dwi,fmap,func
ds001796	sub-249	n/a	2	2	0	672398342	52569537	1554.0	777.0	1101600	550800.0	flanker,rest	1036	{"1.5":2}	anat,dwi,fmap,func
ds001796	sub-250	n/a	2	2	0	662510328	51443404	1554.0	777.0	1101600	550800.0	flanker,rest	1036	{"1.5":2}	anat,dwi,fmap,func
ds001796	sub-251	n/a	2	2	0	648073875	50221823	1554.0	777.0	1101600	550800.0	flanker,rest	1036	{"1.5":2}	anat,dwi,fmap,func
ds001796	sub-252	n/a	2	2	0	678420804	53272629	1554.0	777.0	1101600	550800.0	flanker,rest	1036	{"1.5":2}	anat,dwi,fmap,func
ds001796	sub-253	n/a	2	2	0	658169748	52759080	1554.0	777.0	1101600	550800.0	flanker,rest	1036	{"1.5":2}	anat,dwi,fmap,func
ds001796	sub-254	n/a	2	2	0	633395649	47569550	1554.0	777.0	1101600	550800.0	flanker,rest	1036	{"1.5":2}	anat,dwi,fmap,func
ds001796	sub-255	n/a	2	2	0	613371427	48044373	1554.0	777.0	1101600	550800.0	flanker,rest	1036	{"1.5":2}	anat,dwi,fmap,func
ds001796	sub-256	n/a	2	2	0	658095122	52028673	1554.0	777.0	1101600	550800.0	flanker,rest	1036	{"1.5":2}	anat,dwi,fmap,func
ds001796	sub-257	n/a	2	2	0	600038499	47598068	1554.0	777.0	1101600	550800.0	flanker,rest	1036	{"1.5":2}	anat,dwi,fmap,func
ds001796	sub-259	n/a	2	2	0	644608007	49562996	1554.0	777.0	1101600	550800.0	flanker,rest	1036	{"1.5":2}	anat,dwi,fmap,func
ds001796	sub-260	n/a	2	2	0	647648985	50595169	1554.0	777.0	1101600	550800.0	flanker,rest	1036	{"1.5":2}	anat,dwi,fmap,func
ds001796	sub-261	n/a	2	2	0	671356030	54719210	1554.0	777.0	1101600	550800.0	flanker,rest	1036	{"1.5":2}	anat,dwi,fmap,func
ds001796	sub-263	n/a	2	2	0	663989763	53226299	1554.0	777.0	1101600	550800.0	flanker,rest	1036	{"1.5":2}	anat,dwi,fmap,func
ds001796	sub-265	n/a	2	2	0	613890205	48421949	1554.0	777.0	1101600	550800.0	flanker,rest	1036	{"1.5":2}	anat,dwi,fmap,func
ds001796	sub-266	n/a	2	2	0	627283432	52221974	1554.0	777.0	1101600	550800.0	flanker,rest	1036	{"1.5":2}	anat,dwi,fmap,func
ds001796	sub-267	n/a	2	2	0	626440250	48147624	1554.0	777.0	1101600	550800.0	flanker,rest	1036	{"1.5":2}	anat,dwi,fmap,func
ds001796	sub-268	n/a	2	2	0	628360947	49734628	1554.0	777.0	1101600	550800.0	flanker,rest	1036	{"1.5":2}	anat,dwi,fmap,func
ds001796	sub-269	n/a	2	2	0	621671816	50574957	1554.0	777.0	1101600	550800.0	flanker,rest	1036	{"1.5":2}	anat,dwi,fmap,func
ds001796	sub-270	n/a	2	2	0	659506306	50120019	1554.0	777.0	1101600	550800.0	flanker,rest	1036	{"1.5":2}	anat,dwi,fmap,func
ds000030	sub-10159	n/a	5	1	0	173683882	11637742	2204.0	440.8	696320	139264.0	bart,rest,scap,stopsignal,taskswitch	1102	{"2.0":5}	anat,beh,dwi,func
ds000030	sub-10171	n/a	6	1	0	198468844	12104345	2364.0	394.0	835584	139264.0	bart,bht,rest,scap,stopsignal,taskswitch	1182	{"2.0":6}	anat,beh,dwi,func
ds000030	sub-10189	n/a	5	1	0	184272145	11781292	2204.0	440.8	696320	139264.0	bart,rest,scap,stopsignal,taskswitch	1102	{"2.0":5}	anat,beh,dwi,func
ds000030	sub-10193	n/a	1	1	0	45078997	12252454	534.0	534.0	139264	139264.0	bart	267	{"2.0":1}	anat,dwi,func
ds000030	sub-10206	n/a	5	1	0	183631729	11739646	2204.0	440.8	696320	139264.0	bart,rest,scap,stopsignal,taskswitch	1102	{"2.0":5}	anat,beh,dwi,func
ds000030	sub-10217	n/a	5	1	0	179659713	11844348	2204.0	440.8	696320	139264.0	bart,rest,scap,stopsignal,taskswitch	1102	{"2.0":5}	anat,beh,dwi,func
ds000030	sub-10225	n/a	6	1	0	202284720	11324234	2362.0	393.6666666666667	835584	139264.0	bart,bht,rest,scap,stopsignal,taskswitch	1181	{"2.0":6}	anat,beh,dwi,func
ds000030	sub-10227	n/a	5	1	0	176859377	11534771	2204.0	440.8	696320	139264.0	bart,rest,scap,stopsignal,taskswitch	1102	{"2.0":5}	anat,beh,dwi,func
ds000030	sub-10228	n/a	6	1	0	191268337	11148082	2362.0	393.6666666666667	835584	139264.0	bart,bht,rest,scap,stopsignal,taskswitch	1181	{"2.0":6}	anat,beh,dwi,func
ds000030	sub-10235	n/a	5	1	0	185789335	12226077	2204.0	440.8	696320	139264.0	bart,rest,scap,stopsignal,taskswitch	1102	{"2.0":5}	anat,beh,dwi,func
ds000030	sub-10249	n/a	6	1	0	200180859	12046792	2362.0	393.6666666666667	835584	139264.0	bart,bht,rest,scap,stopsignal,taskswitch	1181	{"2.0":6}	anat,beh,dwi,func
ds000030	sub-10269	n/a	5	1	0	193978704	16218954	2204.0	440.8	696320	139264.0	bart,rest,scap,stopsignal,taskswitch	1102	{"2.0":5}	anat,beh,dwi,func
ds000030	sub-10271	n/a	6	1	0	196279318	11574890	2362.0	393.6666666666667	835584	139264.0	bart,bht,rest,scap,stopsignal,taskswitch	1181	{"2.0":6}	anat,beh,dwi,func
ds000030	sub-10273	n/a	6	1	0	197046956	12240268	2362.0	393.6666666666667	835584	139264.0	bart,bht,rest,scap,stopsignal,taskswitch	1181	{"2.0":6}	anat,beh,dwi,func
ds000030	sub-10274	n/a	5	1	0	185515878	12036589	2204.0	440.8	696320	139264.0	bart,rest,scap,stopsignal,taskswitch	1102	{"2.0":5}	anat,beh,dwi,func
ds000030	sub-10280	n/a	6	1	0	201921406	11753151	2362.0	393.6666666666667	835584	139264.0	bart,bht,rest,scap,stopsignal,taskswitch	1181	{"2.0":6}	anat,beh,dwi,func
ds000030	sub-10290	n/a	6	1	0	192618987	11672788	2362.0	393.6666666666667	835584	139264.0	bart,bht,rest,scap,stopsignal,taskswitch	1181	{"2.0":6}	anat,beh,dwi,func
ds000030	sub-10292	n/a	6	1	0	195249582	12202498	2362.0	393.6666666666667	835584	139264.0	bart,bht,rest,scap,stopsignal,taskswitch	1181	{"2.0":6}	anat,beh,dwi,func
ds000030	sub-10299	n/a	4	0	0	121005508	0	1412.0	353.0	557056	139264.0	bht,rest,scap,stopsignal	706	{"2.0":4}	beh,func
ds000030	sub-10304	n/a	6	1	0	196891720	12179759	2362.0	393.6666666666667	835584	139264.0	bart,bht,rest,scap,stopsignal,taskswitch	1181	{"2.0":6}	anat,beh,dwi,func
ds000030	sub-10316	n/a	6	1	0	206298248	11873721	2362.0	393.6666666666667	835584	139264.0	bart,bht,rest,scap,stopsignal,taskswitch	1181	{"2.0":6}	anat,beh,dwi,func
ds000030	sub-10321	n/a	5	1	0	165198974	11890343	1946.0	389.2	696320	139264.0	bart,bht,rest,scap,stopsignal	973	{"2.0":5}	anat,beh,dwi,func
ds000030	sub-10325	n/a	6	1	0	186232093	12251712	2362.0	393.6666666666667	835584	139264.0	bart,bht,rest,scap,stopsignal,taskswitch	1181	{"2.0":6}	anat,beh,dwi,func
ds000030	sub-10329	n/a	6	1	0	200307432	12009946	2362.0	393.6666666666667	835584	139264.0	bart,bht,rest,scap,stopsignal,taskswitch	1181	{"2.0":6}	anat,beh,dwi,func
ds000030	sub-10339	n/a	6	1	0	181485671	11571113	2362.0	393.6666666666667	835584	139264.0	bart,bht,rest,scap,stopsignal,taskswitch	1181	{"2.0":6}	anat,beh,dwi,func
ds000030	sub-10340	n/a	6	1	0	211391473	12668215	2362.0	393.6666666666667	835584	139264.0	bart,bht,rest,scap,stopsignal,taskswitch	1181	{"2.0":6}	anat,beh,dwi,func
ds000030	sub-10345	n/a	5	1	0	156322336	12015946	1828.0	365.6	696320	139264.0	bht,rest,scap,stopsignal,taskswitch	914	{"2.0":5}	anat,beh,dwi,func
ds000030	sub-10347	n/a	6	1	0	190843793	11823951	2362.0	393.6666666666667	835584	139264.0	bart,bht,rest,scap,stopsignal,taskswitch	1181	{"2.0":6}	anat,beh,dwi,func
ds000030	sub-10356	n/a	6	1	0	191930857	11954443	2362.0	393.6666666666667	835584	139264.0	bart,bht,rest,scap,stopsignal,taskswitch	1181	{"2.0":6}	anat,beh,dwi,func
ds000030	sub-10361	n/a	6	1	0	187740829	10907656	2362.0	393.6666666666667	835584	139264.0	bart,bht,rest,scap,stopsignal,taskswitch	1181	{"2.0":6}	anat,beh,dwi,func
ds000030	sub-10365	n/a	6	1	0	193761932	12665182	2362.0	393.6666666666667	835584	139264.0	bart,bht,rest,scap,stopsignal,taskswitch	1181	{"2.0":6}	anat,beh,dwi,func
ds000030	sub-10376	n/a	6	1	0	193276478	12358615	2362.0	393.6666666666667	835584	139264.0	bart,bht,rest,scap,stopsignal,taskswitch	1181	{"2.0":6}	anat,beh,dwi,func
ds000030	sub-10377	n/a	6	1	0	199523886	15116787	2362.0	393.6666666666667	835584	139264.0	bart,bht,rest,scap,stopsignal,taskswitch	1181	{"2.0":6}	anat,beh,dwi,func
ds000030	sub-10388	n/a	6	1	0	187363777	11712712	2362.0	393.6666666666667	835584	139264.0	bart,bht,rest,scap,stopsignal,taskswitch	1181	{"2.0":6}	anat,beh,dwi,func
ds000030	sub-10428	n/a	5	0	0	145951038	0	1828.0	365.6	696320	139264.0	bht,rest,scap,stopsignal,taskswitch	914	{"2.0":5}	beh,func
ds000030	sub-10429	n/a	6	1	0	186748389	10464571	2362.0	393.6666666666667	835584	139264.0	bart,bht,rest,scap,stopsignal,taskswitch	1181	{"2.0":6}	anat,beh,dwi,func
ds000030	sub-10438	n/a	6	1	0	200302040	11853946	2362.0	393.6666666666667	835584	139264.0	bart,bht,rest,scap,stopsignal,taskswitch	1181	{"2.0":6}	anat,beh,dwi,func
ds000030	sub-10440	n/a	6	1	0	195094341	11954249	2362.0	393.6666666666667	835584	139264.0	bart,bht,rest,scap,stopsignal,taskswitch	1181	{"2.0":6}	anat,beh,dwi,func
ds000030	sub-10448	n/a	6	1	0	196709241	12064441	2362.0	393.6666666666667	835584	139264.0	bart,bht,rest,scap,stopsignal,taskswitch	1181	{"2.0":6}	anat,beh,dwi,func
ds000030	sub-10455	n/a	6	1	0	203400574	11948944	2362.0	393.6666666666667	835584	139264.0	bart,bht,rest,scap,stopsignal,taskswitch	1181	{"2.0":6}	anat,beh,dwi,func
ds000030	sub-10460	n/a	6	1	0	203918189	12161661	2362.0	393.6666666666667	835584	139264.0	bart,bht,rest,scap,stopsignal,taskswitch	1181	{"2.0":6}	anat,beh,dwi,func
ds000030	sub-10471	n/a	6	1	0	186367363	11908102	2362.0	393.6666666666667	835584	139264.0	bart,bht,rest,scap,stopsignal,taskswitch	1181	{"2.0":6}	anat,beh,dwi,func
ds000030	sub-10478	n/a	6	1	0	190848447	11653003	2362.0	393.6666666666667	835584	139264.0	bart,bht,rest,scap,stopsignal,taskswitch	1181	{"2.0":6}	anat,beh,dwi,func
ds000030	sub-10487	n/a	6	1	0	201703526	12007809	2362.0	393.6666666666667	835584	139264.0	bart,bht,rest,scap,stopsignal,taskswitch	1181	{"2.0":6}	anat,beh,dwi,func
ds000030	sub-10492	n/a	6	1	0	194869743	11647153	2362.0	393.6666666666667	835584	139264.0	bart,bht,rest,scap,stopsignal,taskswitch	1181	{"2.0":6}	anat,beh,dwi,func
ds000030	sub-10501	n/a	5	0	0	143859722	0	1828.0	365.6	696320	139264.0	bht,rest,scap,stopsignal,taskswitch	914	{"2.0":5}	beh,func
ds000030	sub-10506	n/a	8	1	0	296209101	11878331	3382.0	422.75	1114112	139264.0	bart,bht,pamenc,pamret,rest,scap,stopsignal,taskswitch	1691	{"2.0":8}	anat,beh,dwi,func
ds000030	sub-10517	n/a	8	1	0	282595090	12227288	3382.0	422.75	1114112	139264.0	bart,bht,pamenc,pamret,rest,scap,stopsignal,taskswitch	1691	{"2.0":8}	anat,beh,dwi,func
ds000030	sub-10523	n/a	8	1	0	295210658	12105561	3382.0	422.75	1114112	139264.0	bart,bht,pamenc,pamret,rest,scap,stopsignal,taskswitch	1691	{"2.0":8}	anat,beh,dwi,func
ds000030	sub-10524	n/a	8	1	0	265037195	11806067	3296.0	412.0	1114112	139264.0	bart,bht,pamenc,pamret,rest,scap,stopsignal,taskswitch	1648	{"2.0":8}	anat,beh,dwi,func
ds000030	sub-10525	n/a	8	1	0	283200587	11983760	3382.0	422.75	1114112	139264.0	bart,bht,pamenc,pamret,rest,scap,stopsignal,taskswitch	1691	{"2.0":8}	anat,beh,dwi,func
ds000030	sub-10527	n/a	8	1	0	281864594	12153718	3382.0	422.75	1114112	139264.0	bart,bht,pamenc,pamret,rest,scap,stopsignal,taskswitch	1691	{"2.0":8}	anat,beh,dwi,func
ds000030	sub-10530	n/a	8	1	0	282211164	11461226	3382.0	422.75	1114112	139264.0	bart,bht,pamenc,pamret,rest,scap,stopsignal,taskswitch	1691	{"2.0":8}	anat,beh,dwi,func
ds000030	sub-10557	n/a	8	1	0	288787258	11624214	3382.0	422.75	1114112	139264.0	bart,bht,pamenc,pamret,rest,scap,stopsignal,taskswitch	1691	{"2.0":8}	anat,beh,dwi,func
ds000030	sub-10565	n/a	8	1	0	271987012	11729690	3382.0	422.75	1114112	139264.0	bart,bht,pamenc,pamret,rest,scap,stopsignal,taskswitch	1691	{"2.0":8}	anat,beh,dwi,func
ds000030	sub-10570	n/a	8	1	0	291296381	11568580	3382.0	422.75	1114112	139264.0	bart,bht,pamenc,pamret,rest,scap,stopsignal,taskswitch	1691	{"2.0":8}	anat,beh,dwi,func
ds000030	sub-10575	n/a	8	1	0	289525223	11968393	3382.0	422.75	1114112	139264.0	bart,bht,pamenc,pamret,rest,scap,stopsignal,taskswitch	1691	{"2.0":8}	anat,beh,dwi,func
ds000030	sub-10624	n/a	8	1	0	295131520	12022814	3382.0	422.75	1114112	139264.0	bart,bht,pamenc,pamret,rest,scap,stopsignal,taskswitch	1691	{"2.0":8}	anat,beh,dwi,func
ds000030	sub-10629	n/a	8	1	0	293954699	12144410	3382.0	422.75	1114112	139264.0	bart,bht,pamenc,pamret,rest,scap,stopsignal,taskswitch	1691	{"2.0":8}	anat,beh,dwi,func
ds000030	sub-10631	n/a	8	1	0	271117030	12220622	3382.0	422.75	1114112	139264.0	bart,bht,pamenc,pamret,rest,scap,stopsignal,taskswitch	1691	{"2.0":8}	anat,beh,dwi,func
ds000030	sub-10638	n/a	8	1	0	274587798	11863120	3382.0	422.75	1114112	139264.0	bart,bht,pamenc,pamret,rest,scap,stopsignal,taskswitch	1691	{"2.0":8}	anat,beh,dwi,func
ds000030	sub-10668	n/a	8	1	0	268001155	11893996	3382.0	422.75	1114112	139264.0	bart,bht,pamenc,pamret,rest,scap,stopsignal,taskswitch	1691	{"2.0":8}	anat,beh,func
ds000030	sub-10672	n/a	8	1	0	274122517	11514603	3382.0	422.75	1114112	139264.0	bart,bht,pamenc,pamret,rest,scap,stopsignal,taskswitch	1691	{"2.0":8}	anat,beh,func
ds000030	sub-10674	n/a	8	1	0	276952402	12125749	3382.0	422.75	1114112	139264.0	bart,bht,pamenc,pamret,rest,scap,stopsignal,taskswitch	1691	{"2.0":8}	anat,beh,dwi,func
ds000030	sub-10678	n/a	8	1	0	285937780	11786871	3382.0	422.75	1114112	139264.0	bart,bht,pamenc,pamret,rest,scap,stopsignal,taskswitch	1691	{"2.0":8}	anat,beh,dwi,func
ds000030	sub-10680	n/a	8	1	0	275214107	11752899	3382.0	422.75	1114112	139264.0	bart,bht,pamenc,pamret,rest,scap,stopsignal,taskswitch	1691	{"2.0":8}	anat,beh,dwi,func
ds000030	sub-10686	n/a	8	1	0	267447310	11528137	3382.0	422.75	1114112	139264.0	bart,bht,pamenc,pamret,rest,scap,stopsignal,taskswitch	1691	{"2.0":8}	anat,beh,dwi,func
ds000030	sub-10692	n/a	8	1	0	260267350	11780708	3382.0	422.75	1114112	139264.0	bart,bht,pamenc,pamret,rest,scap,stopsignal,taskswitch	1691	{"2.0":8}	anat,beh,dwi,func
ds000030	sub-10696	n/a	7	1	0	253999388	12197721	3014.0	430.57142857142856	974848	139264.0	bart,bht,pamenc,pamret,rest,scap,taskswitch	1507	{"2.0":7}	anat,beh,dwi,func
ds000030	sub-10697	n/a	8	1	0	287621265	11834183	3382.0	422.75	1114112	139264.0	bart,bht,pamenc,pamret,rest,scap,stopsignal,taskswitch	1691	{"2.0":8}	anat,beh,dwi,func
ds000030	sub-10704	n/a	8	1	0	280499124	11636773	3382.0	422.75	1114112	139264.0	bart,bht,pamenc,pamret,rest,scap,stopsignal,taskswitch	1691	{"2.0":8}	anat,beh,dwi,func
ds000030	sub-10707	n/a	8	1	0	297229141	12134165	3382.0	422.75	1114112	139264.0	bart,bht,pamenc,pamret,rest,scap,stopsignal,taskswitch	1691	{"2.0":8}	anat,beh,dwi,func
ds000030	sub-10708	n/a	8	1	0	291452090	12118722	3382.0	422.75	1114112	139264.0	bart,bht,pamenc,pamret,rest,scap,stopsignal,taskswitch	1691	{"2.0":8}	anat,beh,dwi,func
ds000030	sub-10719	n/a	8	1	0	270727604	11879777	3382.0	422.75	1114112	139264.0	bart,bht,pamenc,pamret,rest,scap,stopsignal,taskswitch	1691	{"2.0":8}	anat,beh,dwi,func
ds000030	sub-10724	n/a	8	1	0	274294943	12037660	3382.0	422.75	1114112	139264.0	bart,bht,pamenc,pamret,rest,scap,stopsignal,taskswitch	1691	{"2.0":8}	anat,beh,dwi,func
ds000030	sub-10746	n/a	8	1	0	283499080	11884781	3382.0	422.75	1114112	139264.0	bart,bht,pamenc,pamret,rest,scap,stopsignal,taskswitch	1691	{"2.0":8}	anat,beh,dwi,func
ds000030	sub-10762	n/a	8	1	0	268388127	11541132	3382.0	422.75	1114112	139264.0	bart,bht,pamenc,pamret,rest,scap,stopsignal,taskswitch	1691	{"2.0":8}	anat,beh,dwi,func
ds000030	sub-10779	n/a	8	1	0	269845683	11732838	3382.0	422.75	1114112	139264.0	bart,bht,pamenc,pamret,rest,scap,stopsignal,taskswitch	1691	{"2.0":8}	anat,beh,dwi,func
ds000030	sub-10785	n/a	8	1	0	272579701	11781656	3382.0	422.75	1114112	139264.0	bart,bht,pamenc,pamret,rest,scap,stopsignal,taskswitch	1691	{"2.0":8}	anat,beh,dwi,func
ds000030	sub-10788	n/a	8	1	0	273973501	11239385	3382.0	422.75	1114112	139264.0	bart,bht,pamenc,pamret,rest,scap,stopsignal,taskswitch	1691	{"2.0":8}	anat,beh,dwi,func
ds000030	sub-10844	n/a	8	1	0	294447215	12077795	3382.0	422.75	1114112	139264.0	bart,bht,pamenc,pamret,rest,scap,stopsignal,taskswitch	1691	{"2.0":8}	anat,beh,dwi,func
ds000030	sub-10855	n/a	8	1	0	283134077	11875109	3382.0	422.75	1114112	139264.0	bart,bht,pamenc,pamret,rest,scap,stopsignal,taskswitch	1691	{"2.0":8}	anat,beh,dwi,func
ds000030	sub-10871	n/a	8	1	0	284005659	12173929	3382.0	422.75	1114112	139264.0	bart,bht,pamenc,pamret,rest,scap,stopsignal,taskswitch	1691	{"2.0":8}	anat,beh,dwi,func
ds000030	sub-10877	n/a	8	1	0	287628353	12056386	3382.0	422.75	1114112	139264.0	bart,bht,pamenc,pamret,rest,scap,stopsignal,taskswitch	1691	{"2.0":8}	anat,beh,dwi,func
ds000030	sub-10882	n/a	8	1	0	286127304	11723121	3382.0	422.75	1114112	139264.0	bart,bht,pamenc,pamret,rest,scap,stopsignal,taskswitch	1691	{"2.0":8}	anat,beh,dwi,func
ds000030	sub-10891	n/a	8	1	0	278294812	12045578	3382.0	422.75	1114112	139264.0	bart,bht,pamenc,pamret,rest,scap,stopsignal,taskswitch	1691	{"2.0":8}	anat,beh,dwi,func
ds000030	sub-10893	n/a	8	1	0	270250750	11661049	3382.0	422.75	1114112	139264.0	bart,bht,pamenc,pamret,rest,scap,stopsignal,taskswitch	1691	{"2.0":8}	anat,beh,dwi,func
ds000030	sub-10912	n/a	8	1	0	276508486	11564526	3382.0	422.75	1114112	139264.0	bart,bht,pamenc,pamret,rest,scap,stopsignal,taskswitch	1691	{"2.0":8}	anat,beh,dwi,func
ds000030	sub-10934	n/a	8	1	0	273451468	11811593	3382.0	422.75	1114112	139264.0	bart,bht,pamenc,pamret,rest,scap,stopsignal,taskswitch	1691	{"2.0":8}	anat,beh,dwi,func
ds000030	sub-10940	n/a	8	1	0	289962174	11902033	3382.0	422.75	1114112	139264.0	bart,bht,pamenc,pamret,rest,scap,stopsignal,taskswitch	1691	{"2.0":8}	anat,beh,dwi,func
ds000030	sub-10948	n/a	3	1	0	127388077	11742049	1554.0	518.0	417792	139264.0	bart,pamenc,pamret	777	{"2.0":3}	anat,dwi,func
ds000030	sub-10949	n/a	8	1	0	288433706	12049813	3382.0	422.75	1114112	139264.0	bart,bht,pamenc,pamret,rest,scap,stopsignal,taskswitch	1691	{"2.0":8}	anat,beh,dwi,func
ds000030	sub-10958	n/a	8	1	0	264895725	11878169	3382.0	422.75	1114112	139264.0	bart,bht,pamenc,pamret,rest,scap,stopsignal,taskswitch	1691	{"2.0":8}	anat,beh,dwi,func
ds000030	sub-10963	n/a	8	1	0	264292969	11403995	3382.0	422.75	1114112	139264.0	bart,bht,pamenc,pamret,rest,scap,stopsignal,taskswitch	1691	{"2.0":8}	anat,beh,dwi,func
ds000030	sub-10968	n/a	8	1	0	296495697	12129257	3382.0	422.75	1114112	139264.0	bart,bht,pamenc,pamret,rest,scap,stopsignal,taskswitch	1691	{"2.0":8}	anat,beh,dwi,func
ds000030	sub-10971	n/a	5	0	0	142733467	0	1828.0	365.6	696320	139264.0	bht,rest,scap,stopsignal,taskswitch	914	{"2.0":5}	beh,func
ds000030	sub-10975	n/a	8	1	0	289371807	11970787	3382.0	422.75	1114112	139264.0	bart,bht,pamenc,pamret,rest,scap,stopsignal,taskswitch	1691	{"2.0":8}	anat,beh,dwi,func
ds000030	sub-10977	n/a	8	1	0	285619981	11647682	3382.0	422.75	1114112	139264.0	bart,bht,pamenc,pamret,rest,scap,stopsignal,taskswitch	1691	{"2.0":8}	anat,beh,dwi,func
ds000030	sub-10987	n/a	8	1	0	285157047	11456388	3382.0	422.75	1114112	139264.0	bart,bht,pamenc,pamret,rest,scap,stopsignal,taskswitch	1691	{"2.0":8}	anat,beh,dwi,func
ds000030	sub-10998	n/a	8	1	0	288464315	12223876	3382.0	422.75	1114112	139264.0	bart,bht,pamenc,pamret,rest,scap,stopsignal,taskswitch	1691	{"2.0":8}	anat,beh,dwi,func
ds000030	sub-11019	n/a	8	1	0	279866235	11529169	3382.0	422.75	1114112	139264.0	bart,bht,pamenc,pamret,rest,scap,stopsignal,taskswitch	1691	{"2.0":8}	anat,beh,dwi,func
ds000030	sub-11030	n/a	8	1	0	283314384	11762060	3382.0	422.75	1114112	139264.0	bart,bht,pamenc,pamret,rest,scap,stopsignal,taskswitch	1691	{"2.0":8}	anat,beh,dwi,func
ds000030	sub-11044	n/a	8	1	0	280082722	11453413	3382.0	422.75	1114112	139264.0	bart,bht,pamenc,pamret,rest,scap,stopsignal,taskswitch	1691	{"2.0":8}	anat,beh,dwi,func
ds000030	sub-11050	n/a	8	1	0	292620087	12142779	3382.0	422.75	1114112	139264.0	bart,bht,pamenc,pamret,rest,scap,stopsignal,taskswitch	1691	{"2.0":8}	anat,beh,dwi,func
ds000030	sub-11052	n/a	8	1	0	287609905	11925056	3382.0	422.75	1114112	139264.0	bart,bht,pamenc,pamret,rest,scap,stopsignal,taskswitch	1691	{"2.0":8}	anat,beh,dwi,func
ds000030	sub-11059	n/a	8	1	0	278518032	11986611	3382.0	422.75	1114112	139264.0	bart,bht,pamenc,pamret,rest,scap,stopsignal,taskswitch	1691	{"2.0":8}	anat,beh,dwi,func
ds000030	sub-11061	n/a	8	1	0	269966046	12217929	3382.0	422.75	1114112	139264.0	bart,bht,pamenc,pamret,rest,scap,stopsignal,taskswitch	1691	{"2.0":8}	anat,beh,dwi,func
ds000030	sub-11062	n/a	8	1	0	278770665	12461337	3382.0	422.75	1114112	139264.0	bart,bht,pamenc,pamret,rest,scap,stopsignal,taskswitch	1691	{"2.0":8}	anat,beh,dwi,func
ds000030	sub-11066	n/a	8	1	0	291016835	12200646	3382.0	422.75	1114112	139264.0	bart,bht,pamenc,pamret,rest,scap,stopsignal,taskswitch	1691	{"2.0":8}	anat,beh,dwi,func
ds000030	sub-11067	n/a	8	1	0	276359917	11859571	3382.0	422.75	1114112	139264.0	bart,bht,pamenc,pamret,rest,scap,stopsignal,taskswitch	1691	{"2.0":8}	anat,beh,dwi,func
ds000030	sub-11068	n/a	8	1	0	287516714	11872543	3382.0	422.75	1114112	139264.0	bart,bht,pamenc,pamret,rest,scap,stopsignal,taskswitch	1691	{"2.0":8}	anat,beh,dwi,func
ds000030	sub-11077	n/a	8	1	0	271462715	11577723	3382.0	422.75	1114112	139264.0	bart,bht,pamenc,pamret,rest,scap,stopsignal,taskswitch	1691	{"2.0":8}	anat,beh,dwi,func
ds000030	sub-11082	n/a	3	1	0	125295485	11806111	1554.0	518.0	417792	139264.0	bart,pamenc,pamret	777	{"2.0":3}	anat,dwi,func
ds000030	sub-11088	n/a	8	1	0	279348648	12074819	3382.0	422.75	1114112	139264.0	bart,bht,pamenc,pamret,rest,scap,stopsignal,taskswitch	1691	{"2.0":8}	anat,beh,dwi,func
ds000030	sub-11090	n/a	8	1	0	287613948	12086509	3382.0	422.75	1114112	139264.0	bart,bht,pamenc,pamret,rest,scap,stopsignal,taskswitch	1691	{"2.0":8}	anat,beh,dwi,func
ds000030	sub-11097	n/a	8	1	0	280771263	11718892	3382.0	422.75	1114112	139264.0	bart,bht,pamenc,pamret,rest,scap,stopsignal,taskswitch	1691	{"2.0":8}	anat,beh,dwi,func
ds000030	sub-11098	n/a	8	1	0	291202253	12084807	3382.0	422.75	1114112	139264.0	bart,bht,pamenc,pamret,rest,scap,stopsignal,taskswitch	1691	{"2.0":8}	anat,beh,dwi,func
ds000030	sub-11104	n/a	8	1	0	286740404	11979696	3382.0	422.75	1114112	139264.0	bart,bht,pamenc,pamret,rest,scap,stopsignal,taskswitch	1691	{"2.0":8}	anat,beh,dwi,func
ds000030	sub-11105	n/a	8	1	0	272810880	11579044	3382.0	422.75	1114112	139264.0	bart,bht,pamenc,pamret,rest,scap,stopsignal,taskswitch	1691	{"2.0":8}	anat,beh,dwi,func
ds000030	sub-11106	n/a	8	1	0	284774076	11936000	3382.0	422.75	1114112	139264.0	bart,bht,pamenc,pamret,rest,scap,stopsignal,taskswitch	1691	{"2.0":8}	anat,beh,dwi,func
ds000030	sub-11108	n/a	8	1	0	273412935	11853419	3382.0	422.75	1114112	139264.0	bart,bht,pamenc,pamret,rest,scap,stopsignal,taskswitch	1691	{"2.0":8}	anat,beh,dwi,func
ds000030	sub-11112	n/a	8	1	0	282846974	12093777	3382.0	422.75	1114112	139264.0	bart,bht,pamenc,pamret,rest,scap,stopsignal,taskswitch	1691	{"2.0":8}	anat,beh,dwi,func
ds000030	sub-11121	n/a	5	0	0	155363092	0	1828.0	365.6	696320	139264.0	bht,rest,scap,stopsignal,taskswitch	914	{"2.0":5}	beh,func
ds000030	sub-11122	n/a	8	1	0	264336677	11798942	3382.0	422.75	1114112	139264.0	bart,bht,pamenc,pamret,rest,scap,stopsignal,taskswitch	1691	{"2.0":8}	anat,beh,dwi,func
ds000030	sub-11128	n/a	8	1	0	268089614	11826714	3382.0	422.75	1114112	139264.0	bart,bht,pamenc,pamret,rest,scap,stopsignal,taskswitch	1691	{"2.0":8}	anat,beh,dwi,func
ds000030	sub-11131	n/a	8	1	0	264397510	11461176	3382.0	422.75	1114112	139264.0	bart,bht,pamenc,pamret,rest,scap,stopsignal,taskswitch	1691	{"2.0":8}	anat,beh,dwi,func
ds000030	sub-11142	n/a	8	1	0	289245108	11959233	3382.0	422.75	1114112	139264.0	bart,bht,pamenc,pamret,rest,scap,stopsignal,taskswitch	1691	{"2.0":8}	anat,beh,dwi,func
ds000030	sub-11143	n/a	8	1	0	290872574	12276564	3382.0	422.75	1114112	139264.0	bart,bht,pamenc,pamret,rest,scap,stopsignal,taskswitch	1691	{"2.0":8}	anat,beh,dwi,func
ds000030	sub-11149	n/a	8	1	0	293022775	12055712	3382.0	422.75	1114112	139264.0	bart,bht,pamenc,pamret,rest,scap,stopsignal,taskswitch	1691	{"2.0":8}	anat,beh,dwi,func
ds000030	sub-11156	n/a	8	1	0	273605786	11897077	3382.0	422.75	1114112	139264.0	bart,bht,pamenc,pamret,rest,scap,stopsignal,taskswitch	1691	{"2.0":8}	anat,beh,dwi,func
ds000030	sub-50004	n/a	8	1	0	288329566	11931325	3382.0	422.75	1114112	139264.0	bart,bht,pamenc,pamret,rest,scap,stopsignal,taskswitch	1691	{"2.0":8}	anat,beh,dwi,func
ds000030	sub-50005	n/a	6	1	0	196549082	11491872	2362.0	393.6666666666667	835584	139264.0	bart,bht,rest,scap,stopsignal,taskswitch	1181	{"2.0":6}	anat,beh,dwi,func
ds000030	sub-50006	n/a	6	1	0	198331239	12743792	2362.0	393.6666666666667	835584	139264.0	bart,bht,rest,scap,stopsignal,taskswitch	1181	{"2.0":6}	anat,beh,dwi,func
ds000030	sub-50007	n/a	6	1	0	188465176	11192962	2362.0	393.6666666666667	835584	139264.0	bart,bht,rest,scap,stopsignal,taskswitch	1181	{"2.0":6}	anat,beh,dwi,func
ds000030	sub-50008	n/a	6	1	0	191144197	11479814	2362.0	393.6666666666667	835584	139264.0	bart,bht,rest,scap,stopsignal,taskswitch	1181	{"2.0":6}	anat,beh,dwi,func
ds000030	sub-50010	n/a	6	1	0	197937635	11926520	2362.0	393.6666666666667	835584	139264.0	bart,bht,rest,scap,stopsignal,taskswitch	1181	{"2.0":6}	anat,beh,dwi,func
ds000030	sub-50013	n/a	8	1	0	289204934	12412480	3382.0	422.75	1114112	139264.0	bart,bht,pamenc,pamret,rest,scap,stopsignal,taskswitch	1691	{"2.0":8}	anat,beh,dwi,func
ds000030	sub-50014	n/a	8	1	0	291127468	11964361	3382.0	422.75	1114112	139264.0	bart,bht,pamenc,pamret,rest,scap,stopsignal,taskswitch	1691	{"2.0":8}	anat,beh,dwi,func
ds000030	sub-50015	n/a	8	1	0	289373603	12039765	3382.0	422.75	1114112	139264.0	bart,bht,pamenc,pamret,rest,scap,stopsignal,taskswitch	1691	{"2.0":8}	anat,beh,dwi,func
ds000030	sub-50016	n/a	8	1	0	285585659	12614234	3382.0	422.75	1114112	139264.0	bart,bht,pamenc,pamret,rest,scap,stopsignal,taskswitch	1691	{"2.0":8}	anat,beh,dwi,func
ds000030	sub-50020	n/a	8	1	0	293054323	11913310	3382.0	422.75	1114112	139264.0	bart,bht,pamenc,pamret,rest,scap,stopsignal,taskswitch	1691	{"2.0":8}	anat,beh,dwi,func
ds000030	sub-50021	n/a	8	1	0	264727522	11591963	3382.0	422.75	1114112	139264.0	bart,bht,pamenc,pamret,rest,scap,stopsignal,taskswitch	1691	{"2.0":8}	anat,beh,dwi,func
ds000030	sub-50022	n/a	8	1	0	296842551	12047796	3382.0	422.75	1114112	139264.0	bart,bht,pamenc,pamret,rest,scap,stopsignal,taskswitch	1691	{"2.0":8}	anat,beh,dwi,func
ds000030	sub-50023	n/a	8	1	0	276324529	11470684	3382.0	422.75	1114112	139264.0	bart,bht,pamenc,pamret,rest,scap,stopsignal,taskswitch	1691	{"2.0":8}	anat,beh,dwi,func
ds000030	sub-50025	n/a	8	1	0	278160181	11296291	3382.0	422.75	1114112	139264.0	bart,bht,pamenc,pamret,rest,scap,stopsignal,taskswitch	1691	{"2.0":8}	anat,beh,dwi,func
ds000030	sub-50027	n/a	8	1	0	273645751	11631800	3382.0	422.75	1114112	139264.0	bart,bht,pamenc,pamret,rest,scap,stopsignal,taskswitch	1691	{"2.0":8}	anat,beh,dwi,func
ds000030	sub-50029	n/a	8	1	0	273412293	11810312	3382.0	422.75	1114112	139264.0	bart,bht,pamenc,pamret,rest,scap,stopsignal,taskswitch	1691	{"2.0":8}	anat,beh,dwi,func
ds000030	sub-50032	n/a	7	1	0	241286009	12165144	2848.0	406.85714285714283	974848	139264.0	bht,pamenc,pamret,rest,scap,stopsignal,taskswitch	1424	{"2.0":7}	anat,beh,dwi,func
ds000030	sub-50033	n/a	8	1	0	281899767	11977624	3382.0	422.75	1114112	139264.0	bart,bht,pamenc,pamret,rest,scap,stopsignal,taskswitch	1691	{"2.0":8}	anat,beh,dwi,func
ds000030	sub-50034	n/a	8	1	0	291071227	11977148	3382.0	422.75	1114112	139264.0	bart,bht,pamenc,pamret,rest,scap,stopsignal,taskswitch	1691	{"2.0":8}	anat,beh,dwi,func
ds000030	sub-50035	n/a	8	1	0	272960792	11044407	3382.0	422.75	1114112	139264.0	bart,bht,pamenc,pamret,rest,scap,stopsignal,taskswitch	1691	{"2.0":8}	anat,beh,dwi,func
ds000030	sub-50036	n/a	8	1	0	285174373	12270064	3382.0	422.75	1114112	139264.0	bart,bht,pamenc,pamret,rest,scap,stopsignal,taskswitch	1691	{"2.0":8}	anat,beh,dwi,func
ds000030	sub-50038	n/a	8	1	0	280845577	12294507	3382.0	422.75	1114112	139264.0	bart,bht,pamenc,pamret,rest,scap,stopsignal,taskswitch	1691	{"2.0":8}	anat,beh,dwi,func
ds000030	sub-50043	n/a	8	1	0	283730690	11746501	3382.0	422.75	1114112	139264.0	bart,bht,pamenc,pamret,rest,scap,stopsignal,taskswitch	1691	{"2.0":8}	anat,beh,dwi,func
ds000030	sub-50047	n/a	8	1	0	287038990	11687209	3382.0	422.75	1114112	139264.0	bart,bht,pamenc,pamret,rest,scap,stopsignal,taskswitch	1691	{"2.0":8}	anat,beh,dwi,func
ds000030	sub-50048	n/a	8	1	0	287059320	11936128	3382.0	422.75	1114112	139264.0	bart,bht,pamenc,pamret,rest,scap,stopsignal,taskswitch	1691	{"2.0":8}	anat,beh,dwi,func
ds000030	sub-50049	n/a	8	1	0	276777214	11534256	3382.0	422.75	1114112	139264.0	bart,bht,pamenc,pamret,rest,scap,stopsignal,taskswitch	1691	{"2.0":8}	anat,beh,dwi,func
ds000030	sub-50050	n/a	8	1	0	286584725	11356546	3382.0	422.75	1114112	139264.0	bart,bht,pamenc,pamret,rest,scap,stopsignal,taskswitch	1691	{"2.0":8}	anat,beh,dwi,func
ds000030	sub-50051	n/a	8	1	0	285773013	11510741	3382.0	422.75	1114112	139264.0	bart,bht,pamenc,pamret,rest,scap,stopsignal,taskswitch	1691	{"2.0":8}	anat,beh,dwi,func
ds000030	sub-50052	n/a	8	1	0	278828817	11603484	3382.0	422.75	1114112	139264.0	bart,bht,pamenc,pamret,rest,scap,stopsignal,taskswitch	1691	{"2.0":8}	anat,beh,dwi,func
ds000030	sub-50053	n/a	8	1	0	281273944	11807255	3382.0	422.75	1114112	139264.0	bart,bht,pamenc,pamret,rest,scap,stopsignal,taskswitch	1691	{"2.0":8}	anat,beh,dwi,func
ds000030	sub-50054	n/a	8	1	0	300706801	11974028	3382.0	422.75	1114112	139264.0	bart,bht,pamenc,pamret,rest,scap,stopsignal,taskswitch	1691	{"2.0":8}	anat,beh,dwi,func
ds000030	sub-50055	n/a	8	1	0	292588163	11972893	3382.0	422.75	1114112	139264.0	bart,bht,pamenc,pamret,rest,scap,stopsignal,taskswitch	1691	{"2.0":8}	anat,beh,dwi,func
ds000030	sub-50056	n/a	8	1	0	271456916	11929041	3382.0	422.75	1114112	139264.0	bart,bht,pamenc,pamret,rest,scap,stopsignal,taskswitch	1691	{"2.0":8}	anat,beh,dwi,func
ds000030	sub-50058	n/a	8	1	0	268787590	11263026	3382.0	422.75	1114112	139264.0	bart,bht,pamenc,pamret,rest,scap,stopsignal,taskswitch	1691	{"2.0":8}	anat,beh,dwi,func
ds000030	sub-50059	n/a	8	1	0	282232991	11804147	3382.0	422.75	1114112	139264.0	bart,bht,pamenc,pamret,rest,scap,stopsignal,taskswitch	1691	{"2.0":8}	anat,beh,dwi,func
ds000030	sub-50060	n/a	8	1	0	289837124	12156084	3382.0	422.75	1114112	139264.0	bart,bht,pamenc,pamret,rest,scap,stopsignal,taskswitch	1691	{"2.0":8}	anat,beh,dwi,func
ds000030	sub-50061	n/a	8	1	0	281526834	11793580	3382.0	422.75	1114112	139264.0	bart,bht,pamenc,pamret,rest,scap,stopsignal,taskswitch	1691	{"2.0":8}	anat,beh,dwi,func
ds000030	sub-50064	n/a	8	1	0	266310843	11603743	3382.0	422.75	1114112	139264.0	bart,bht,pamenc,pamret,rest,scap,stopsignal,taskswitch	1691	{"2.0":8}	anat,beh,dwi,func
ds000030	sub-50066	n/a	8	1	0	290370472	12091607	3382.0	422.75	1114112	139264.0	bart,bht,pamenc,pamret,rest,scap,stopsignal,taskswitch	1691	{"2.0":8}	anat,beh,dwi,func
ds000030	sub-50067	n/a	8	1	0	285879426	12169110	3382.0	422.75	1114112	139264.0	bart,bht,pamenc,pamret,rest,scap,stopsignal,taskswitch	1691	{"2.0":8}	anat,beh,dwi,func
ds000030	sub-50069	n/a	8	1	0	268573902	11934061	3382.0	422.75	1114112	139264.0	bart,bht,pamenc,pamret,rest,scap,stopsignal,taskswitch	1691	{"2.0":8}	anat,beh,dwi,func
ds000030	sub-50073	n/a	8	1	0	288819499	12083850	3382.0	422.75	1114112	139264.0	bart,bht,pamenc,pamret,rest,scap,stopsignal,taskswitch	1691	{"2.0":8}	anat,beh,func
ds000030	sub-50075	n/a	8	1	0	278172712	12619371	3382.0	422.75	1114112	139264.0	bart,bht,pamenc,pamret,rest,scap,stopsignal,taskswitch	1691	{"2.0":8}	anat,beh,dwi,func
ds000030	sub-50076	n/a	8	1	0	294424709	12501916	3382.0	422.75	1114112	139264.0	bart,bht,pamenc,pamret,rest,scap,stopsignal,taskswitch	1691	{"2.0":8}	anat,beh,dwi,func
ds000030	sub-50077	n/a	8	1	0	277281369	11976136	3382.0	422.75	1114112	139264.0	bart,bht,pamenc,pamret,rest,scap,stopsignal,taskswitch	1691	{"2.0":8}	anat,beh,dwi,func
ds000030	sub-50080	n/a	8	1	0	277606995	11919456	3382.0	422.75	1114112	139264.0	bart,bht,pamenc,pamret,rest,scap,stopsignal,taskswitch	1691	{"2.0":8}	anat,beh,dwi,func
ds000030	sub-50081	n/a	8	1	0	294121384	12191896	3382.0	422.75	1114112	139264.0	bart,bht,pamenc,pamret,rest,scap,stopsignal,taskswitch	1691	{"2.0":8}	anat,beh,dwi,func
ds000030	sub-50083	n/a	8	1	0	288943503	12180819	3382.0	422.75	1114112	139264.0	bart,bht,pamenc,pamret,rest,scap,stopsignal,taskswitch	1691	{"2.0":8}	anat,beh,dwi,func
ds000030	sub-50085	n/a	8	1	0	285179180	11919066	3382.0	422.75	1114112	139264.0	bart,bht,pamenc,pamret,rest,scap,stopsignal,taskswitch	1691	{"2.0":8}	anat,beh,dwi,func
ds000030	sub-60001	n/a	5	1	0	183503575	11356925	2204.0	440.8	696320	139264.0	bart,rest,scap,stopsignal,taskswitch	1102	{"2.0":5}	anat,beh,dwi,func
ds000030	sub-60005	n/a	8	1	0	274806480	11422122	3382.0	422.75	1114112	139264.0	bart,bht,pamenc,pamret,rest,scap,stopsignal,taskswitch	1691	{"2.0":8}	anat,beh,dwi,func
ds000030	sub-60006	n/a	6	1	0	209220406	12657944	2362.0	393.6666666666667	835584	139264.0	bart,bht,rest,scap,stopsignal,taskswitch	1181	{"2.0":6}	anat,beh,dwi,func
ds000030	sub-60008	n/a	6	1	0	193180521	11606031	2362.0	393.6666666666667	835584	139264.0	bart,bht,rest,scap,stopsignal,taskswitch	1181	{"2.0":6}	anat,beh,dwi,func
ds000030	sub-60010	n/a	8	1	0	275136736	11610550	3382.0	422.75	1114112	139264.0	bart,bht,pamenc,pamret,rest,scap,stopsignal,taskswitch	1691	{"2.0":8}	anat,beh,dwi,func
ds000030	sub-60011	n/a	8	1	0	291484366	12145884	3382.0	422.75	1114112	139264.0	bart,bht,pamenc,pamret,rest,scap,stopsignal,taskswitch	1691	{"2.0":8}	anat,beh,dwi,func
ds000030	sub-60012	n/a	8	1	0	298179652	12084280	3382.0	422.75	1114112	139264.0	bart,bht,pamenc,pamret,rest,scap,stopsignal,taskswitch	1691	{"2.0":8}	anat,beh,dwi,func
ds000030	sub-60014	n/a	8	1	0	281742652	11305663	3382.0	422.75	1114112	139264.0	bart,bht,pamenc,pamret,rest,scap,stopsignal,taskswitch	1691	{"2.0":8}	anat,beh,dwi,func
ds000030	sub-60015	n/a	8	1	0	280481382	12327339	3382.0	422.75	1114112	139264.0	bart,bht,pamenc,pamret,rest,scap,stopsignal,taskswitch	1691	{"2.0":8}	anat,beh,dwi,func
ds000030	sub-60016	n/a	8	1	0	283860709	11229338	3382.0	422.75	1114112	139264.0	bart,bht,pamenc,pamret,rest,scap,stopsignal,taskswitch	1691	{"2.0":8}	anat,beh,dwi,func
ds000030	sub-60017	n/a	8	1	0	287347573	12100398	3382.0	422.75	1114112	139264.0	bart,bht,pamenc,pamret,rest,scap,stopsignal,taskswitch	1691	{"2.0":8}	anat,beh,dwi,func
ds000030	sub-60020	n/a	8	1	0	281479341	11454927	3382.0	422.75	1114112	139264.0	bart,bht,pamenc,pamret,rest,scap,stopsignal,taskswitch	1691	{"2.0":8}	anat,beh,dwi,func
ds000030	sub-60021	n/a	8	1	0	275859758	10764405	3382.0	422.75	1114112	139264.0	bart,bht,pamenc,pamret,rest,scap,stopsignal,taskswitch	1691	{"2.0":8}	anat,beh,dwi,func
ds000030	sub-60022	n/a	8	1	0	279975903	11904746	3382.0	422.75	1114112	139264.0	bart,bht,pamenc,pamret,rest,scap,stopsignal,taskswitch	1691	{"2.0":8}	anat,beh,dwi,func
ds000030	sub-60028	n/a	8	1	0	274600518	11565179	3382.0	422.75	1114112	139264.0	bart,bht,pamenc,pamret,rest,scap,stopsignal,taskswitch	1691	{"2.0":8}	anat,beh,dwi,func
ds000030	sub-60030	n/a	7	1	0	227439106	11978285	2784.0	397.7142857142857	974848	139264.0	bart,bht,pamenc,rest,scap,stopsignal,taskswitch	1392	{"2.0":7}	anat,beh,dwi,func
ds000030	sub-60033	n/a	8	1	0	268100986	11315855	3382.0	422.75	1114112	139264.0	bart,bht,pamenc,pamret,rest,scap,stopsignal,taskswitch	1691	{"2.0":8}	anat,beh,dwi,func
ds000030	sub-60036	n/a	8	1	0	271551406	11679295	3382.0	422.75	1114112	139264.0	bart,bht,pamenc,pamret,rest,scap,stopsignal,taskswitch	1691	{"2.0":8}	anat,beh,dwi,func
ds000030	sub-60037	n/a	8	1	0	280505020	12141386	3382.0	422.75	1114112	139264.0	bart,bht,pamenc,pamret,rest,scap,stopsignal,taskswitch	1691	{"2.0":8}	anat,beh,dwi,func
ds000030	sub-60038	n/a	8	1	0	293918485	11997628	3382.0	422.75	1114112	139264.0	bart,bht,pamenc,pamret,rest,scap,stopsignal,taskswitch	1691	{"2.0":8}	anat,beh,dwi,func
ds000030	sub-60042	n/a	8	1	0	300476838	12293848	3382.0	422.75	1114112	139264.0	bart,bht,pamenc,pamret,rest,scap,stopsignal,taskswitch	1691	{"2.0":8}	anat,beh,dwi,func
ds000030	sub-60043	n/a	8	1	0	280105362	11834546	3382.0	422.75	1114112	139264.0	bart,bht,pamenc,pamret,rest,scap,stopsignal,taskswitch	1691	{"2.0":8}	anat,beh,dwi,func
ds000030	sub-60045	n/a	8	1	0	272783351	11519498	3382.0	422.75	1114112	139264.0	bart,bht,pamenc,pamret,rest,scap,stopsignal,taskswitch	1691	{"2.0":8}	anat,beh,dwi,func
ds000030	sub-60046	n/a	8	1	0	290402659	12089806	3382.0	422.75	1114112	139264.0	bart,bht,pamenc,pamret,rest,scap,stopsignal,taskswitch	1691	{"2.0":8}	anat,beh,dwi,func
ds000030	sub-60048	n/a	8	1	0	289161104	12004627	3382.0	422.75	1114112	139264.0	bart,bht,pamenc,pamret,rest,scap,stopsignal,taskswitch	1691	{"2.0":8}	anat,beh,dwi,func
ds000030	sub-60049	n/a	8	1	0	275928119	11843711	3382.0	422.75	1114112	139264.0	bart,bht,pamenc,pamret,rest,scap,stopsignal,taskswitch	1691	{"2.0":8}	anat,beh,dwi,func
ds000030	sub-60051	n/a	8	1	0	285116415	11826114	3382.0	422.75	1114112	139264.0	bart,bht,pamenc,pamret,rest,scap,stopsignal,taskswitch	1691	{"2.0":8}	anat,beh,dwi,func
ds000030	sub-60052	n/a	7	1	0	236307369	11942470	2848.0	406.85714285714283	974848	139264.0	bht,pamenc,pamret,rest,scap,stopsignal,taskswitch	1424	{"2.0":7}	anat,beh,dwi,func
ds000030	sub-60053	n/a	8	1	0	288688463	12151307	3382.0	422.75	1114112	139264.0	bart,bht,pamenc,pamret,rest,scap,stopsignal,taskswitch	1691	{"2.0":8}	anat,beh,dwi,func
ds000030	sub-60055	n/a	8	1	0	291203956	12527956	3382.0	422.75	1114112	139264.0	bart,bht,pamenc,pamret,rest,scap,stopsignal,taskswitch	1691	{"2.0":8}	anat,beh,dwi,func
ds000030	sub-60056	n/a	8	1	0	267828159	12030177	3382.0	422.75	1114112	139264.0	bart,bht,pamenc,pamret,rest,scap,stopsignal,taskswitch	1691	{"2.0":8}	anat,beh,dwi,func
ds000030	sub-60057	n/a	8	1	0	260743153	12050443	3382.0	422.75	1114112	139264.0	bart,bht,pamenc,pamret,rest,scap,stopsignal,taskswitch	1691	{"2.0":8}	anat,beh,dwi,func
ds000030	sub-60060	n/a	8	1	0	285810187	11680244	3382.0	422.75	1114112	139264.0	bart,bht,pamenc,pamret,rest,scap,stopsignal,taskswitch	1691	{"2.0":8}	anat,beh,dwi,func
ds000030	sub-60062	n/a	8	1	0	288327335	12576272	3382.0	422.75	1114112	139264.0	bart,bht,pamenc,pamret,rest,scap,stopsignal,taskswitch	1691	{"2.0":8}	anat,beh,dwi,func
ds000030	sub-60065	n/a	8	1	0	280710583	12101786	3382.0	422.75	1114112	139264.0	bart,bht,pamenc,pamret,rest,scap,stopsignal,taskswitch	1691	{"2.0":8}	anat,beh,dwi,func
ds000030	sub-60066	n/a	8	1	0	281343775	11871201	3382.0	422.75	1114112	139264.0	bart,bht,pamenc,pamret,rest,scap,stopsignal,taskswitch	1691	{"2.0":8}	anat,beh,dwi,func
ds000030	sub-60068	n/a	8	1	0	281666076	11592576	3382.0	422.75	1114112	139264.0	bart,bht,pamenc,pamret,rest,scap,stopsignal,taskswitch	1691	{"2.0":8}	anat,beh,dwi,func
ds000030	sub-60070	n/a	8	1	0	283688067	12033740	3382.0	422.75	1114112	139264.0	bart,bht,pamenc,pamret,rest,scap,stopsignal,taskswitch	1691	{"2.0":8}	anat,beh,dwi,func
ds000030	sub-60072	n/a	8	1	0	270417752	12299914	3382.0	422.75	1114112	139264.0	bart,bht,pamenc,pamret,rest,scap,stopsignal,taskswitch	1691	{"2.0":8}	anat,beh,dwi,func
ds000030	sub-60073	n/a	8	1	0	292690892	12437136	3382.0	422.75	1114112	139264.0	bart,bht,pamenc,pamret,rest,scap,stopsignal,taskswitch	1691	{"2.0":8}	anat,beh,dwi,func
ds000030	sub-60074	n/a	8	1	0	272081026	12074428	3382.0	422.75	1114112	139264.0	bart,bht,pamenc,pamret,rest,scap,stopsignal,taskswitch	1691	{"2.0":8}	anat,beh,dwi,func
ds000030	sub-60076	n/a	8	1	0	289949436	12221275	3382.0	422.75	1114112	139264.0	bart,bht,pamenc,pamret,rest,scap,stopsignal,taskswitch	1691	{"2.0":8}	anat,beh,dwi,func
ds000030	sub-60077	n/a	8	1	0	283525770	11736584	3382.0	422.75	1114112	139264.0	bart,bht,pamenc,pamret,rest,scap,stopsignal,taskswitch	1691	{"2.0":8}	anat,beh,dwi,func
ds000030	sub-60078	n/a	8	1	0	285239417	11885873	3382.0	422.75	1114112	139264.0	bart,bht,pamenc,pamret,rest,scap,stopsignal,taskswitch	1691	{"2.0":8}	anat,beh,dwi,func
ds000030	sub-60079	n/a	8	1	0	287091011	12024972	3382.0	422.75	1114112	139264.0	bart,bht,pamenc,pamret,rest,scap,stopsignal,taskswitch	1691	{"2.0":8}	anat,beh,dwi,func
ds000030	sub-60080	n/a	8	1	0	291974880	12520290	3382.0	422.75	1114112	139264.0	bart,bht,pamenc,pamret,rest,scap,stopsignal,taskswitch	1691	{"2.0":8}	anat,beh,dwi,func
ds000030	sub-60084	n/a	8	1	0	271420659	12008441	3382.0	422.75	1114112	139264.0	bart,bht,pamenc,pamret,rest,scap,stopsignal,taskswitch	1691	{"2.0":8}	anat,beh,dwi,func
ds000030	sub-60087	n/a	8	1	0	293136817	12021610	3382.0	422.75	1114112	139264.0	bart,bht,pamenc,pamret,rest,scap,stopsignal,taskswitch	1691	{"2.0":8}	anat,beh,dwi,func
ds000030	sub-60089	n/a	8	1	0	287089544	12208455	3382.0	422.75	1114112	139264.0	bart,bht,pamenc,pamret,rest,scap,stopsignal,taskswitch	1691	{"2.0":8}	anat,beh,dwi,func
ds000030	sub-70001	n/a	5	1	0	174822009	11718100	2204.0	440.8	696320	139264.0	bart,rest,scap,stopsignal,taskswitch	1102	{"2.0":5}	anat,beh,dwi,func
ds000030	sub-70002	n/a	1	1	0	41646397	11635391	534.0	534.0	139264	139264.0	bart	267	{"2.0":1}	anat,dwi,func
ds000030	sub-70004	n/a	6	1	0	189149776	11660932	2362.0	393.6666666666667	835584	139264.0	bart,bht,rest,scap,stopsignal,taskswitch	1181	{"2.0":6}	anat,beh,dwi,func
ds000030	sub-70007	n/a	6	1	0	200852864	12124664	2362.0	393.6666666666667	835584	139264.0	bart,bht,rest,scap,stopsignal,taskswitch	1181	{"2.0":6}	anat,beh,dwi,func
ds000030	sub-70010	n/a	5	1	0	165284075	11773218	1994.0	398.8	696320	139264.0	bart,bht,rest,scap,taskswitch	997	{"2.0":5}	anat,dwi,func
ds000030	sub-70015	n/a	8	1	0	274652758	11675558	3382.0	422.75	1114112	139264.0	bart,bht,pamenc,pamret,rest,scap,stopsignal,taskswitch	1691	{"2.0":8}	anat,beh,dwi,func
ds000030	sub-70017	n/a	8	1	0	285427150	11764363	3382.0	422.75	1114112	139264.0	bart,bht,pamenc,pamret,rest,scap,stopsignal,taskswitch	1691	{"2.0":8}	anat,beh,dwi,func
ds000030	sub-70020	n/a	8	1	0	282146627	11845163	3382.0	422.75	1114112	139264.0	bart,bht,pamenc,pamret,rest,scap,stopsignal,taskswitch	1691	{"2.0":8}	anat,beh,dwi,func
ds000030	sub-70021	n/a	8	1	0	294829521	12135898	3382.0	422.75	1114112	139264.0	bart,bht,pamenc,pamret,rest,scap,stopsignal,taskswitch	1691	{"2.0":8}	anat,beh,dwi,func
ds000030	sub-70022	n/a	8	1	0	283815084	11609753	3382.0	422.75	1114112	139264.0	bart,bht,pamenc,pamret,rest,scap,stopsignal,taskswitch	1691	{"2.0":8}	anat,beh,dwi,func
ds000030	sub-70026	n/a	8	1	0	276065780	11874713	3382.0	422.75	1114112	139264.0	bart,bht,pamenc,pamret,rest,scap,stopsignal,taskswitch	1691	{"2.0":8}	anat,beh,dwi,func
ds000030	sub-70029	n/a	8	1	0	271923118	12338596	3382.0	422.75	1114112	139264.0	bart,bht,pamenc,pamret,rest,scap,stopsignal,taskswitch	1691	{"2.0":8}	anat,beh,dwi,func
ds000030	sub-70033	n/a	8	1	0	289717497	11347994	3382.0	422.75	1114112	139264.0	bart,bht,pamenc,pamret,rest,scap,stopsignal,taskswitch	1691	{"2.0":8}	anat,beh,dwi,func
ds000030	sub-70034	n/a	8	1	0	285016453	12072975	3382.0	422.75	1114112	139264.0	bart,bht,pamenc,pamret,rest,scap,stopsignal,taskswitch	1691	{"2.0":8}	anat,beh,dwi,func
ds000030	sub-70035	n/a	6	0	0	187886215	0	2362.0	393.6666666666667	835584	139264.0	bart,bht,rest,scap,stopsignal,taskswitch	1181	{"2.0":6}	beh,func
ds000030	sub-70036	n/a	5	0	0	145210002	0	1828.0	365.6	696320	139264.0	bht,rest,scap,stopsignal,taskswitch	914	{"2.0":5}	beh,func
ds000030	sub-70037	n/a	8	1	0	272979451	12144755	3382.0	422.75	1114112	139264.0	bart,bht,pamenc,pamret,rest,scap,stopsignal,taskswitch	1691	{"2.0":8}	anat,beh,dwi,func
ds000030	sub-70040	n/a	8	1	0	274153919	11827192	3382.0	422.75	1114112	139264.0	bart,bht,pamenc,pamret,rest,scap,stopsignal,taskswitch	1691	{"2.0":8}	anat,beh,dwi,func
ds000030	sub-70046	n/a	8	1	0	286482091	11931260	3382.0	422.75	1114112	139264.0	bart,bht,pamenc,pamret,rest,scap,stopsignal,taskswitch	1691	{"2.0":8}	anat,beh,dwi,func
ds000030	sub-70048	n/a	8	1	0	276570790	11753739	3382.0	422.75	1114112	139264.0	bart,bht,pamenc,pamret,rest,scap,stopsignal,taskswitch	1691	{"2.0":8}	anat,beh,dwi,func
ds000030	sub-70049	n/a	8	1	0	281382630	11966721	3382.0	422.75	1114112	139264.0	bart,bht,pamenc,pamret,rest,scap,stopsignal,taskswitch	1691	{"2.0":8}	anat,beh,dwi,func
ds000030	sub-70051	n/a	8	1	0	283249322	11836761	3382.0	422.75	1114112	139264.0	bart,bht,pamenc,pamret,rest,scap,stopsignal,taskswitch	1691	{"2.0":8}	anat,beh,dwi,func
ds000030	sub-70052	n/a	8	1	0	270617208	11929685	3382.0	422.75	1114112	139264.0	bart,bht,pamenc,pamret,rest,scap,stopsignal,taskswitch	1691	{"2.0":8}	anat,beh,dwi,func
ds000030	sub-70055	n/a	8	1	0	273978961	11970592	3382.0	422.75	1114112	139264.0	bart,bht,pamenc,pamret,rest,scap,stopsignal,taskswitch	1691	{"2.0":8}	anat,beh,dwi,func
ds000030	sub-70057	n/a	8	1	0	288448006	11936126	3382.0	422.75	1114112	139264.0	bart,bht,pamenc,pamret,rest,scap,stopsignal,taskswitch	1691	{"2.0":8}	anat,beh,dwi,func
ds000030	sub-70058	n/a	8	1	0	268033015	11696710	3382.0	422.75	1114112	139264.0	bart,bht,pamenc,pamret,rest,scap,stopsignal,taskswitch	1691	{"2.0":8}	anat,beh,dwi,func
ds000030	sub-70060	n/a	7	1	0	243809181	11952459	2898.0	414.0	974848	139264.0	bart,bht,pamret,rest,scap,stopsignal,taskswitch	1449	{"2.0":7}	anat,beh,dwi,func
ds000030	sub-70061	n/a	8	1	0	275288314	12201043	3382.0	422.75	1114112	139264.0	bart,bht,pamenc,pamret,rest,scap,stopsignal,taskswitch	1691	{"2.0":8}	anat,beh,dwi,func
ds000030	sub-70065	n/a	8	1	0	290872946	12091582	3382.0	422.75	1114112	139264.0	bart,bht,pamenc,pamret,rest,scap,stopsignal,taskswitch	1691	{"2.0":8}	anat,beh,dwi,func
ds000030	sub-70068	n/a	8	1	0	279618417	11968476	3382.0	422.75	1114112	139264.0	bart,bht,pamenc,pamret,rest,scap,stopsignal,taskswitch	1691	{"2.0":8}	anat,beh,dwi,func
ds000030	sub-70069	n/a	8	1	0	286360431	12235726	3382.0	422.75	1114112	139264.0	bart,bht,pamenc,pamret,rest,scap,stopsignal,taskswitch	1691	{"2.0":8}	anat,beh,dwi,func
ds000030	sub-70070	n/a	8	1	0	285138665	11703937	3382.0	422.75	1114112	139264.0	bart,bht,pamenc,pamret,rest,scap,stopsignal,taskswitch	1691	{"2.0":8}	anat,beh,dwi,func
ds000030	sub-70072	n/a	8	1	0	273123489	10711396	3382.0	422.75	1114112	139264.0	bart,bht,pamenc,pamret,rest,scap,stopsignal,taskswitch	1691	{"2.0":8}	anat,beh,dwi,func
ds000030	sub-70073	n/a	8	1	0	290230860	11893028	3382.0	422.75	1114112	139264.0	bart,bht,pamenc,pamret,rest,scap,stopsignal,taskswitch	1691	{"2.0":8}	anat,beh,dwi,func
ds000030	sub-70074	n/a	8	1	0	294606437	12071201	3382.0	422.75	1114112	139264.0	bart,bht,pamenc,pamret,rest,scap,stopsignal,taskswitch	1691	{"2.0":8}	anat,beh,dwi,func
ds000030	sub-70075	n/a	8	1	0	296626738	12208769	3382.0	422.75	1114112	139264.0	bart,bht,pamenc,pamret,rest,scap,stopsignal,taskswitch	1691	{"2.0":8}	anat,beh,dwi,func
ds000030	sub-70076	n/a	7	1	0	232579095	12230150	2898.0	414.0	974848	139264.0	bart,bht,pamret,rest,scap,stopsignal,taskswitch	1449	{"2.0":7}	anat,beh,dwi,func
ds000030	sub-70077	n/a	8	1	0	265699382	11636055	3382.0	422.75	1114112	139264.0	bart,bht,pamenc,pamret,rest,scap,stopsignal,taskswitch	1691	{"2.0":8}	anat,beh,dwi,func
ds000030	sub-70079	n/a	8	1	0	286788973	11603603	3382.0	422.75	1114112	139264.0	bart,bht,pamenc,pamret,rest,scap,stopsignal,taskswitch	1691	{"2.0":8}	anat,beh,dwi,func
ds000030	sub-70080	n/a	8	1	0	265244109	11427935	3382.0	422.75	1114112	139264.0	bart,bht,pamenc,pamret,rest,scap,stopsignal,taskswitch	1691	{"2.0":8}	anat,beh,dwi,func
ds000030	sub-70081	n/a	8	1	0	280672416	12069282	3382.0	422.75	1114112	139264.0	bart,bht,pamenc,pamret,rest,scap,stopsignal,taskswitch	1691	{"2.0":8}	anat,beh,dwi,func
ds000030	sub-70083	n/a	8	1	0	273470278	11736371	3382.0	422.75	1114112	139264.0	bart,bht,pamenc,pamret,rest,scap,stopsignal,taskswitch	1691	{"2.0":8}	anat,beh,dwi,func
ds000030	sub-70086	n/a	8	1	0	286414884	12381660	3382.0	422.75	1114112	139264.0	bart,bht,pamenc,pamret,rest,scap,stopsignal,taskswitch	1691	{"2.0":8}	anat,beh,dwi,func
ds000201	sub-9001	ses-1	5	1	1	815894073	54537813	3139.5	627.9	3817472	763494.4	arrows,faces,hands,rest,sleepiness	1112	{"2.5":2,"3.0":3}	anat,beh,fmap,func
ds000201	sub-9001	ses-2	5	1	0	837269223	52917382	3258.0	651.6	3817472	763494.4	arrows,faces,hands,rest,sleepiness	1152	{"2.5":2,"3.0":3}	anat,beh,dwi,fmap,func
ds000201	sub-9002	ses-1	5	1	1	884642621	58736200	2964.0	592.8	3866624	773324.8	arrows,faces,hands,rest,sleepiness	1053	{"2.5":2,"3.0":3}	anat,beh,fmap,func
ds000201	sub-9002	ses-2	5	1	0	909069014	56446452	3001.5	600.3	3866624	773324.8	arrows,faces,hands,rest,sleepiness	1066	{"2.5":2,"3.0":3}	anat,beh,dwi,fmap,func
ds000201	sub-9003	ses-1	5	1	1	914744442	57900010	3005.0	601.0	3866624	773324.8	arrows,faces,hands,rest,sleepiness	1067	{"2.5":2,"3.0":3}	anat,beh,fmap,func
ds000201	sub-9003	ses-2	5	1	0	903094550	58100157	3008.0	601.6	3866624	773324.8	arrows,faces,hands,rest,sleepiness	1068	{"2.5":2,"3.0":3}	anat,beh,dwi,fmap,func
ds000201	sub-9004	ses-1	5	1	1	916599742	52004315	3143.0	628.6	3866624	773324.8	arrows,faces,hands,rest,sleepiness	1113	{"2.5":2,"3.0":3}	anat,beh,fmap,func
ds000201	sub-9004	ses-2	5	1	0	896749628	55020273	3053.0	610.6	3866624	773324.8	arrows,faces,hands,rest,sleepiness	1083	{"2.5":2,"3.0":3}	anat,beh,dwi,fmap,func
ds000201	sub-9005	ses-1	5	1	1	937006424	60775458	3070.5	614.1	3866624	773324.8	arrows,faces,hands,rest,sleepiness	1089	{"2.5":2,"3.0":3}	anat,beh,fmap,func
ds000201	sub-9005	ses-2	5	1	0	972378383	58594709	3143.0	628.6	3866624	773324.8	arrows,faces,hands,rest,sleepiness	1113	{"2.5":2,"3.0":3}	anat,beh,dwi,fmap,func
ds000201	sub-9007	ses-1	5	1	1	851142962	61578023	3004.5	600.9	3817472	763494.4	arrows,faces,hands,rest,sleepiness	1067	{"2.5":2,"3.0":3}	anat,beh,fmap,func
ds000201	sub-9007	ses-2	5	1	0	857685125	61696716	3040.0	608.0	3817472	763494.4	arrows,faces,hands,rest,sleepiness	1079	{"2.5":2,"3.0":3}	anat,beh,dwi,fmap,func
ds000201	sub-9008	ses-1	5	1	1	921247814	58090833	3088.5	617.7	3866624	773324.8	arrows,faces,hands,rest,sleepiness	1095	{"2.5":2,"3.0":3}	anat,beh,fmap,func
ds000201	sub-9008	ses-2	5	1	0	932837889	58220501	3071.0	614.2	3866624	773324.8	arrows,faces,hands,rest,sleepiness	1089	{"2.5":2,"3.0":3}	anat,beh,dwi,fmap,func
ds000201	sub-9009	ses-1	5	1	1	975753021	58450347	3239.0	647.8	3866624	773324.8	arrows,faces,hands,rest,sleepiness	1145	{"2.5":2,"3.0":3}	anat,beh,fmap,func
ds000201	sub-9009	ses-2	5	1	0	895537999	56137257	3052.5	610.5	3866624	773324.8	arrows,faces,hands,rest,sleepiness	1083	{"2.5":2,"3.0":3}	anat,beh,dwi,fmap,func
ds000201	sub-9011	ses-1	5	1	1	950136546	48977684	3301.0	660.2	3866624	773324.8	arrows,faces,hands,rest,sleepiness	1166	{"2.5":2,"3.0":3}	anat,beh,fmap,func
ds000201	sub-9011	ses-2	5	1	0	894371326	52291447	3154.5	630.9	3866624	773324.8	arrows,faces,hands,rest,sleepiness	1117	{"2.5":2,"3.0":3}	anat,beh,dwi,fmap,func
ds000201	sub-9012	ses-1	5	1	1	841350600	60870494	3014.0	602.8	3817472	763494.4	arrows,faces,hands,rest,sleepiness	1070	{"2.5":2,"3.0":3}	anat,beh,fmap,func
ds000201	sub-9012	ses-2	5	1	0	810115341	59515485	2956.5	591.3	3817472	763494.4	arrows,faces,hands,rest,sleepiness	1051	{"2.5":2,"3.0":3}	anat,beh,dwi,fmap,func
ds000201	sub-9013	ses-1	5	1	0	833934385	58601146	2999.0	599.8	3817472	763494.4	arrows,faces,hands,rest,sleepiness	1065	{"2.5":2,"3.0":3}	anat,beh,dwi,fmap,func
ds000201	sub-9013	ses-2	5	1	1	838643093	58695861	3031.5	606.3	3817472	763494.4	arrows,faces,hands,rest,sleepiness	1076	{"2.5":2,"3.0":3}	anat,beh,fmap,func
ds000201	sub-9014	ses-1	5	1	1	961770354	61256629	3013.5	602.7	3866624	773324.8	arrows,faces,hands,rest,sleepiness	1070	{"2.5":2,"3.0":3}	anat,beh,fmap,func
ds000201	sub-9014	ses-2	5	1	0	941107174	60312757	2977.5	595.5	3866624	773324.8	arrows,faces,hands,rest,sleepiness	1058	{"2.5":2,"3.0":3}	anat,beh,dwi,fmap,func
ds000201	sub-9016	ses-1	5	1	1	943093209	57587748	3332.0	666.4	3817472	763494.4	arrows,faces,hands,rest,sleepiness	1176	{"2.5":2,"3.0":3}	anat,beh,fmap,func
ds000201	sub-9016	ses-2	0	0	0	0	0	n/a	n/a	n/a	n/a	n/a	0	n/a	beh
ds000201	sub-9017	ses-1	5	1	1	927857225	62346159	2992.0	598.4	3866624	773324.8	arrows,faces,hands,rest,sleepiness	1063	{"2.5":2,"3.0":3}	anat,beh,func
ds000201	sub-9017	ses-2	5	1	0	833252227	59744201	2969.0	593.8	3817472	763494.4	arrows,faces,hands,rest,sleepiness	1055	{"2.5":2,"3.0":3}	anat,beh,fmap,func
ds000201	sub-9018	ses-1	5	1	1	906678422	54139834	3211.0	642.2	3866624	773324.8	arrows,faces,hands,rest,sleepiness	1137	{"2.5":2,"3.0":3}	anat,beh,fmap,func
ds000201	sub-9018	ses-2	5	1	0	799164740	51569685	2894.5	578.9	3866624	773324.8	arrows,faces,hands,rest,sleepiness	1030	{"2.5":2,"3.0":3}	anat,beh,dwi,func
ds000201	sub-9019	ses-1	5	1	1	854060669	51641510	3082.0	616.4	3866624	773324.8	arrows,faces,hands,rest,sleepiness	1094	{"2.5":2,"3.0":3}	anat,beh,fmap,func
ds000201	sub-9019	ses-2	5	1	0	759773626	52323212	2966.5	593.3	3817472	763494.4	arrows,faces,hands,rest,sleepiness	1055	{"2.5":2,"3.0":3}	anat,beh,dwi,fmap,func
ds000201	sub-9020	ses-1	5	1	1	906481105	57283335	3133.0	626.6	3866624	773324.8	arrows,faces,hands,rest,sleepiness	1111	{"2.5":2,"3.0":3}	anat,beh,fmap,func
ds000201	sub-9020	ses-2	5	1	0	908202276	54938692	3028.5	605.7	3866624	773324.8	arrows,faces,hands,rest,sleepiness	1075	{"2.5":2,"3.0":3}	anat,beh,dwi,fmap,func
ds000201	sub-9022	ses-1	5	1	1	765506049	52622744	2930.0	586.0	3817472	763494.4	arrows,faces,hands,rest,sleepiness	1042	{"2.5":2,"3.0":3}	anat,beh,fmap,func
ds000201	sub-9022	ses-2	0	0	0	0	0	n/a	n/a	n/a	n/a	n/a	0	n/a	beh
ds000201	sub-9023	ses-1	5	1	1	937053609	60421983	3145.5	629.1	3866624	773324.8	arrows,faces,hands,rest,sleepiness	1114	{"2.5":2,"3.0":3}	anat,beh,fmap,func
ds000201	sub-9023	ses-2	5	1	0	957562784	60074050	3155.0	631.0	3866624	773324.8	arrows,faces,hands,rest,sleepiness	1117	{"2.5":2,"3.0":3}	anat,beh,dwi,fmap,func
ds000201	sub-9025	ses-1	3	1	1	412029629	51639965	1511.5	503.8333333333333	2310144	770048.0	faces,hands,rest	536	{"2.5":1,"3.0":2}	anat,beh,fmap,func
ds000201	sub-9025	ses-2	3	1	0	397276463	51180257	1452.0	484.0	2310144	770048.0	faces,hands,rest	516	{"2.5":1,"3.0":2}	anat,beh,dwi,fmap,func
ds000201	sub-9026	ses-1	5	1	1	888239495	55034341	3026.0	605.2	3866624	773324.8	arrows,faces,hands,rest,sleepiness	1074	{"2.5":2,"3.0":3}	anat,beh,fmap,func
ds000201	sub-9026	ses-2	5	1	0	893503026	54881065	3041.5	608.3	3866624	773324.8	arrows,faces,hands,rest,sleepiness	1080	{"2.5":2,"3.0":3}	anat,beh,dwi,fmap,func
ds000201	sub-9028	ses-1	5	1	1	904882789	56294799	2970.0	594.0	3866624	773324.8	arrows,faces,hands,rest,sleepiness	1055	{"2.5":2,"3.0":3}	anat,beh,fmap,func
ds000201	sub-9028	ses-2	5	1	0	909097915	58725290	2991.5	598.3	3866624	773324.8	arrows,faces,hands,rest,sleepiness	1062	{"2.5":2,"3.0":3}	anat,beh,dwi,fmap,func
ds000201	sub-9029	ses-1	3	1	1	443112335	55001298	1497.0	499.0	2310144	770048.0	faces,hands,rest	531	{"2.5":1,"3.0":2}	anat,beh,fmap,func
ds000201	sub-9029	ses-2	5	1	0	876664959	54960803	3035.0	607.0	3866624	773324.8	arrows,faces,hands,rest,sleepiness	1077	{"2.5":2,"3.0":3}	anat,beh,dwi,fmap,func
ds000201	sub-9032	ses-1	5	1	1	889494169	59101138	3059.0	611.8	3866624	773324.8	arrows,faces,hands,rest,sleepiness	1085	{"2.5":2,"3.0":3}	anat,beh,fmap,func
ds000201	sub-9032	ses-2	5	1	0	896055840	56660565	3041.0	608.2	3866624	773324.8	arrows,faces,hands,rest,sleepiness	1079	{"2.5":2,"3.0":3}	anat,beh,dwi,fmap,func
ds000201	sub-9033	ses-1	5	1	1	954529433	60903514	3071.0	614.2	3866624	773324.8	arrows,faces,hands,rest,sleepiness	1089	{"2.5":2,"3.0":3}	anat,beh,fmap,func
ds000201	sub-9033	ses-2	5	1	0	929083305	60084515	2993.0	598.6	3866624	773324.8	arrows,faces,hands,rest,sleepiness	1063	{"2.5":2,"3.0":3}	anat,beh,dwi,fmap,func
ds000201	sub-9034	ses-1	5	1	1	857625394	55716449	2935.5	587.1	3866624	773324.8	arrows,faces,hands,rest,sleepiness	1044	{"2.5":2,"3.0":3}	anat,beh,fmap,func
ds000201	sub-9034	ses-2	5	1	0	847728499	54849771	2890.0	578.0	3866624	773324.8	arrows,faces,hands,rest,sleepiness	1028	{"2.5":2,"3.0":3}	anat,beh,dwi,fmap,func
ds000201	sub-9035	ses-1	5	1	1	907219338	60468212	3177.0	635.4	3817472	763494.4	arrows,faces,hands,rest,sleepiness	1125	{"2.5":2,"3.0":3}	anat,beh,fmap,func
ds000201	sub-9035	ses-2	5	1	0	844638069	59863097	2996.0	599.2	3817472	763494.4	arrows,faces,hands,rest,sleepiness	1064	{"2.5":2,"3.0":3}	anat,beh,dwi,fmap,func
ds000201	sub-9036	ses-1	5	1	1	915519670	61210419	3010.5	602.1	3866624	773324.8	arrows,faces,hands,rest,sleepiness	1069	{"2.5":2,"3.0":3}	anat,beh,fmap,func
ds000201	sub-9036	ses-2	5	1	0	914448452	61146277	2992.5	598.5	3866624	773324.8	arrows,faces,hands,rest,sleepiness	1063	{"2.5":2,"3.0":3}	anat,beh,dwi,fmap,func
ds000201	sub-9037	ses-1	5	1	1	826472489	57351712	2995.0	599.0	3817472	763494.4	arrows,faces,hands,rest,sleepiness	1065	{"2.5":2,"3.0":3}	anat,beh,fmap,func
ds000201	sub-9037	ses-2	5	1	0	813026835	58122184	2931.5	586.3	3817472	763494.4	arrows,faces,hands,rest,sleepiness	1043	{"2.5":2,"3.0":3}	anat,beh,dwi,fmap,func
ds000201	sub-9038	ses-1	5	1	1	856917548	51463029	3083.0	616.6	3866624	773324.8	arrows,faces,hands,rest,sleepiness	1093	{"2.5":2,"3.0":3}	anat,beh,fmap,func
ds000201	sub-9038	ses-2	5	1	0	857517664	58002611	3058.5	611.7	3866624	773324.8	arrows,faces,hands,rest,sleepiness	1085	{"2.5":2,"3.0":3}	anat,beh,dwi,fmap,func
ds000201	sub-9039	ses-1	5	1	1	947099925	60461646	3070.5	614.1	3866624	773324.8	arrows,faces,hands,rest,sleepiness	1089	{"2.5":2,"3.0":3}	anat,beh,fmap,func
ds000201	sub-9039	ses-2	5	1	0	950209914	58514540	3050.0	610.0	3866624	773324.8	arrows,faces,hands,rest,sleepiness	1082	{"2.5":2,"3.0":3}	anat,beh,dwi,fmap,func
ds000201	sub-9040	ses-1	5	1	1	961551652	52378216	3373.5	674.7	3866624	773324.8	arrows,faces,hands,rest,sleepiness	1190	{"2.5":2,"3.0":3}	anat,beh,fmap,func
ds000201	sub-9040	ses-2	5	1	0	872286234	51976712	3134.0	626.8	3866624	773324.8	arrows,faces,hands,rest,sleepiness	1110	{"2.5":2,"3.0":3}	anat,beh,dwi,fmap,func
ds000201	sub-9041	ses-1	5	1	1	832051011	50991612	2904.0	580.8	3866624	773324.8	arrows,faces,hands,rest,sleepiness	1033	{"2.5":2,"3.0":3}	anat,beh,fmap,func
ds000201	sub-9041	ses-2	5	1	0	834939571	51616837	2983.5	596.7	3866624	773324.8	arrows,faces,hands,rest,sleepiness	1060	{"2.5":2,"3.0":3}	anat,beh,dwi,fmap,func
ds000201	sub-9042	ses-1	5	1	1	938008784	57979625	3127.5	625.5	3866624	773324.8	arrows,faces,hands,rest,sleepiness	1108	{"2.5":2,"3.0":3}	anat,beh,fmap,func
ds000201	sub-9042	ses-2	6	1	0	862483310	55078290	2962.0	493.6666666666667	4620288	770048.0	arrows,faces,hands,rest,sleepiness	1052	{"2.5":2,"3.0":4}	anat,beh,dwi,fmap,func
ds000201	sub-9044	ses-1	5	1	1	962998084	63018349	3361.0	672.2	3817472	763494.4	arrows,faces,hands,rest,sleepiness	1186	{"2.5":2,"3.0":3}	anat,beh,fmap,func
ds000201	sub-9044	ses-2	0	1	0	0	61562845	n/a	n/a	n/a	n/a	n/a	0	n/a	anat,beh,dwi,fmap,func
ds000201	sub-9045	ses-1	5	1	1	852809195	51629732	3043.5	608.7	3866624	773324.8	arrows,faces,hands,rest,sleepiness	1080	{"2.5":2,"3.0":3}	anat,beh,fmap,func
ds000201	sub-9045	ses-2	5	1	0	850793842	51024362	3022.5	604.5	3866624	773324.8	arrows,faces,hands,rest,sleepiness	1073	{"2.5":2,"3.0":3}	anat,beh,dwi,fmap,func
ds000201	sub-9046	ses-1	5	1	0	955160939	59527715	3140.0	628.0	3866624	773324.8	arrows,faces,hands,rest,sleepiness	1112	{"2.5":2,"3.0":3}	anat,beh,fmap,func
ds000201	sub-9046	ses-2	5	1	0	946348873	59575544	3104.0	620.8	3866624	773324.8	arrows,faces,hands,rest,sleepiness	1100	{"2.5":2,"3.0":3}	anat,beh,dwi,fmap,func
ds000201	sub-9047	ses-1	5	1	1	903688385	58452566	2981.5	596.3	3866624	773324.8	arrows,faces,hands,rest,sleepiness	1055	{"2.5":2,"3.0":3}	anat,beh,fmap,func
ds000201	sub-9047	ses-2	5	1	0	936289380	58721282	3085.5	617.1	3866624	773324.8	arrows,faces,hands,rest,sleepiness	1094	{"2.5":2,"3.0":3}	anat,beh,dwi,fmap,func
ds000201	sub-9048	ses-1	5	1	1	995860731	58627016	3250.5	650.1	3866624	773324.8	arrows,faces,hands,rest,sleepiness	1149	{"2.5":2,"3.0":3}	anat,beh,fmap,func
ds000201	sub-9048	ses-2	5	1	0	906679847	59347389	3022.5	604.5	3866624	773324.8	arrows,faces,hands,rest,sleepiness	1073	{"2.5":2,"3.0":3}	anat,beh,dwi,fmap,func
ds000201	sub-9049	ses-1	5	1	1	851442060	56633591	2927.0	585.4	3866624	773324.8	arrows,faces,hands,rest,sleepiness	1041	{"2.5":2,"3.0":3}	anat,beh,fmap,func
ds000201	sub-9049	ses-2	5	1	0	862228582	57159195	2945.0	589.0	3866624	773324.8	arrows,faces,hands,rest,sleepiness	1047	{"2.5":2,"3.0":3}	anat,beh,dwi,fmap,func
ds000201	sub-9050	ses-1	5	1	1	806562902	56435839	3047.0	609.4	3817472	763494.4	arrows,faces,hands,rest,sleepiness	1081	{"2.5":2,"3.0":3}	anat,beh,fmap,func
ds000201	sub-9050	ses-2	5	1	0	784465714	54922397	2959.0	591.8	3817472	763494.4	arrows,faces,hands,rest,sleepiness	1053	{"2.5":2,"3.0":3}	anat,beh,dwi,fmap,func
ds000201	sub-9053	ses-1	5	1	1	810235446	56841712	2971.5	594.3	3817472	763494.4	arrows,faces,hands,rest,sleepiness	1056	{"2.5":2,"3.0":3}	anat,beh,fmap,func
ds000201	sub-9053	ses-2	5	1	0	801342666	58087797	2968.5	593.7	3817472	763494.4	arrows,faces,hands,rest,sleepiness	1055	{"2.5":2,"3.0":3}	anat,beh,dwi,fmap,func
ds000201	sub-9054	ses-1	5	1	1	940346498	58956468	3190.5	638.1	3866624	773324.8	arrows,faces,hands,rest,sleepiness	1129	{"2.5":2,"3.0":3}	anat,beh,fmap,func
ds000201	sub-9054	ses-2	5	1	1	934780409	59228395	3176.0	635.2	3866624	773324.8	arrows,faces,hands,rest,sleepiness	1124	{"2.5":2,"3.0":3}	anat,beh,fmap,func
ds000201	sub-9055	ses-1	5	1	1	821959582	52890085	2978.0	595.6	3866624	773324.8	arrows,faces,hands,rest,sleepiness	1058	{"2.5":2,"3.0":3}	anat,beh,fmap,func
ds000201	sub-9055	ses-2	5	1	0	813239515	50390676	2904.0	580.8	3866624	773324.8	arrows,faces,hands,rest,sleepiness	1033	{"2.5":2,"3.0":3}	anat,beh,dwi,fmap,func
ds000201	sub-9056	ses-1	5	1	1	881177946	60615829	2968.0	593.6	3866624	773324.8	arrows,faces,hands,rest,sleepiness	1056	{"2.5":2,"3.0":3}	anat,beh,func
ds000201	sub-9056	ses-2	5	1	0	888884253	58710700	2963.0	592.6	3866624	773324.8	arrows,faces,hands,rest,sleepiness	1053	{"2.5":2,"3.0":3}	anat,beh,fmap,func
ds000201	sub-9057	ses-1	5	1	1	790002351	54570629	3136.0	627.2	3817472	763494.4	arrows,faces,hands,rest,sleepiness	1112	{"2.5":2,"3.0":3}	anat,beh,fmap,func
ds000201	sub-9057	ses-2	5	1	0	767789043	54146093	3049.5	609.9	3817472	763494.4	arrows,faces,hands,rest,sleepiness	1082	{"2.5":2,"3.0":3}	anat,beh,dwi,fmap,func
ds000201	sub-9058	ses-1	5	1	1	872712107	52937829	3038.0	607.6	3866624	773324.8	arrows,faces,hands,rest,sleepiness	1078	{"2.5":2,"3.0":3}	anat,beh,fmap,func
ds000201	sub-9058	ses-2	5	1	0	857591080	54267162	3019.5	603.9	3866624	773324.8	arrows,faces,hands,rest,sleepiness	1072	{"2.5":2,"3.0":3}	anat,beh,dwi,fmap,func
ds000201	sub-9059	ses-1	5	1	1	809671558	54232790	2902.5	580.5	3866624	773324.8	arrows,faces,hands,rest,sleepiness	1033	{"2.5":2,"3.0":3}	anat,beh,func
ds000201	sub-9059	ses-2	5	1	0	788205111	49465835	2923.5	584.7	3866624	773324.8	arrows,faces,hands,rest,sleepiness	1040	{"2.5":2,"3.0":3}	anat,beh,fmap,func
ds000201	sub-9061	ses-1	5	1	1	913332155	56761811	3038.0	607.6	3866624	773324.8	arrows,faces,hands,rest,sleepiness	1078	{"2.5":2,"3.0":3}	anat,beh,fmap,func
ds000201	sub-9061	ses-2	5	1	0	913223995	60300135	3055.5	611.1	3866624	773324.8	arrows,faces,hands,rest,sleepiness	1084	{"2.5":2,"3.0":3}	anat,beh,dwi,fmap,func
ds000201	sub-9062	ses-1	5	1	1	884017084	50365884	3107.0	621.4	3866624	773324.8	arrows,faces,hands,rest,sleepiness	1101	{"2.5":2,"3.0":3}	anat,beh,fmap,func
ds000201	sub-9062	ses-2	5	1	0	838359192	50769924	2953.0	590.6	3866624	773324.8	arrows,faces,hands,rest,sleepiness	1050	{"2.5":2,"3.0":3}	anat,beh,dwi,fmap,func
ds000201	sub-9063	ses-1	5	1	1	872676165	55890352	2992.5	598.5	3866624	773324.8	arrows,faces,hands,rest,sleepiness	1063	{"2.5":2,"3.0":3}	anat,beh,fmap,func
ds000201	sub-9063	ses-2	5	1	1	839444498	55582055	2901.0	580.2	3866624	773324.8	arrows,faces,hands,rest,sleepiness	1032	{"2.5":2,"3.0":3}	anat,beh,fmap,func
ds000201	sub-9064	ses-1	5	1	1	842922463	53135876	3044.0	608.8	3866624	773324.8	arrows,faces,hands,rest,sleepiness	1080	{"2.5":2,"3.0":3}	anat,beh,fmap,func
ds000201	sub-9064	ses-2	5	1	0	823286594	52633675	2983.5	596.7	3866624	773324.8	arrows,faces,hands,rest,sleepiness	1060	{"2.5":2,"3.0":3}	anat,beh,dwi,fmap,func
ds000201	sub-9065	ses-1	5	1	1	900857330	61633204	2929.5	585.9	3866624	773324.8	arrows,faces,hands,rest,sleepiness	1042	{"2.5":2,"3.0":3}	anat,beh,fmap,func
ds000201	sub-9065	ses-2	5	1	0	679160943	60531134	2187.5	437.5	3866624	773324.8	arrows,faces,hands,rest,sleepiness	764	{"2.5":2,"3.0":3}	anat,beh,dwi,func
ds000201	sub-9066	ses-1	5	1	0	776489091	53736880	2998.5	599.7	3817472	763494.4	arrows,faces,hands,rest,sleepiness	1065	{"2.5":2,"3.0":3}	anat,beh,dwi,fmap,func
ds000201	sub-9066	ses-2	0	0	0	0	0	n/a	n/a	n/a	n/a	n/a	0	n/a	beh
ds000201	sub-9067	ses-1	5	1	1	779845462	53910150	3010.0	602.0	3817472	763494.4	arrows,faces,hands,rest,sleepiness	1069	{"2.5":2,"3.0":3}	anat,beh,fmap,func
ds000201	sub-9067	ses-2	5	1	0	755849116	53129278	2966.0	593.2	3817472	763494.4	arrows,faces,hands,rest,sleepiness	1054	{"2.5":2,"3.0":3}	anat,beh,dwi,fmap,func
ds000201	sub-9068	ses-1	5	1	1	912780349	61164370	2964.0	592.8	3866624	773324.8	arrows,faces,hands,rest,sleepiness	1053	{"2.5":2,"3.0":3}	anat,beh,fmap,func
ds000201	sub-9068	ses-2	5	1	0	904643562	59936444	2934.5	586.9	3866624	773324.8	arrows,faces,hands,rest,sleepiness	1043	{"2.5":2,"3.0":3}	anat,beh,dwi,fmap,func
ds000201	sub-9069	ses-1	5	1	1	855097415	50987575	3059.0	611.8	3866624	773324.8	arrows,faces,hands,rest,sleepiness	1085	{"2.5":2,"3.0":3}	anat,beh,fmap,func
ds000201	sub-9069	ses-2	5	1	0	875999750	52232427	3059.0	611.8	3866624	773324.8	arrows,faces,hands,rest,sleepiness	1085	{"2.5":2,"3.0":3}	anat,beh,dwi,fmap,func
ds000201	sub-9070	ses-1	5	1	1	892174485	56886183	3086.0	617.2	3866624	773324.8	arrows,faces,hands,rest,sleepiness	1094	{"2.5":2,"3.0":3}	anat,beh,fmap,func
ds000201	sub-9070	ses-2	5	1	0	807049808	53911574	3115.5	623.1	3817472	763494.4	arrows,faces,hands,rest,sleepiness	1104	{"2.5":2,"3.0":3}	anat,beh,dwi,fmap,func
ds000201	sub-9071	ses-1	5	1	1	876072511	57786358	3018.5	603.7	3866624	773324.8	arrows,faces,hands,rest,sleepiness	1072	{"2.5":2,"3.0":3}	anat,beh,fmap,func
ds000201	sub-9071	ses-2	5	1	0	881212806	55736405	3022.5	604.5	3866624	773324.8	arrows,faces,hands,rest,sleepiness	1073	{"2.5":2,"3.0":3}	anat,beh,dwi,fmap,func
ds000201	sub-9072	ses-1	5	1	1	941998426	53584643	3228.0	645.6	3866624	773324.8	arrows,faces,hands,rest,sleepiness	1141	{"2.5":2,"3.0":3}	anat,beh,fmap,func
ds000201	sub-9072	ses-2	5	1	0	847213247	54898342	2970.5	594.1	3866624	773324.8	arrows,faces,hands,rest,sleepiness	1055	{"2.5":2,"3.0":3}	anat,beh,dwi,fmap,func
ds000201	sub-9073	ses-1	5	1	1	832923538	61244019	2905.5	581.1	3817472	763494.4	arrows,faces,hands,rest,sleepiness	1034	{"2.5":2,"3.0":3}	anat,beh,fmap,func
ds000201	sub-9073	ses-2	5	1	0	827006709	61529512	2938.5	587.7	3817472	763494.4	arrows,faces,hands,rest,sleepiness	1045	{"2.5":2,"3.0":3}	anat,beh,dwi,fmap,func
ds000201	sub-9074	ses-1	5	1	1	920190991	54931110	3203.0	640.6	3866624	773324.8	arrows,faces,hands,rest,sleepiness	1133	{"2.5":2,"3.0":3}	anat,beh,func
ds000201	sub-9074	ses-2	5	1	1	853498088	54718356	3035.0	607.0	3866624	773324.8	arrows,faces,hands,rest,sleepiness	1077	{"2.5":2,"3.0":3}	anat,beh,fmap,func
ds000201	sub-9075	ses-1	5	1	1	941104462	64159511	3041.0	608.2	3866624	773324.8	arrows,faces,hands,rest,sleepiness	1079	{"2.5":2,"3.0":3}	anat,beh,fmap,func
ds000201	sub-9075	ses-2	5	1	0	941991353	63538600	3020.0	604.0	3866624	773324.8	arrows,faces,hands,rest,sleepiness	1072	{"2.5":2,"3.0":3}	anat,beh,dwi,fmap,func
ds000201	sub-9076	ses-1	5	1	1	797011362	59217065	2950.5	590.1	3817472	763494.4	arrows,faces,hands,rest,sleepiness	1050	{"2.5":2,"3.0":3}	anat,beh,fmap,func
ds000201	sub-9076	ses-2	5	1	0	790986186	58416799	2933.5	586.7	3817472	763494.4	arrows,faces,hands,rest,sleepiness	1043	{"2.5":2,"3.0":3}	anat,beh,dwi,fmap,func
ds000201	sub-9077	ses-1	5	1	1	802862032	53243019	3107.0	621.4	3817472	763494.4	arrows,faces,hands,rest,sleepiness	1101	{"2.5":2,"3.0":3}	anat,beh,fmap,func
ds000201	sub-9077	ses-2	5	1	0	799406768	51420782	3211.0	642.2	3817472	763494.4	arrows,faces,hands,rest,sleepiness	1137	{"2.5":2,"3.0":3}	anat,beh,dwi,fmap,func
ds000201	sub-9078	ses-1	0	1	0	0	54892666	n/a	n/a	n/a	n/a	n/a	0	n/a	anat,beh,func
ds000201	sub-9078	ses-2	0	0	0	0	0	n/a	n/a	n/a	n/a	n/a	0	n/a	beh
ds000201	sub-9079	ses-1	5	1	1	947382007	60847813	3097.5	619.5	3866624	773324.8	arrows,faces,hands,rest,sleepiness	1098	{"2.5":2,"3.0":3}	anat,beh,fmap,func
ds000201	sub-9079	ses-2	5	1	0	937536716	58864148	3037.5	607.5	3866624	773324.8	arrows,faces,hands,rest,sleepiness	1078	{"2.5":2,"3.0":3}	anat,beh,dwi,fmap,func
ds000201	sub-9080	ses-1	5	1	1	855535852	58252364	2958.5	591.7	3866624	773324.8	arrows,faces,hands,rest,sleepiness	1051	{"2.5":2,"3.0":3}	anat,beh,fmap,func
ds000201	sub-9080	ses-2	5	1	0	876415170	56749364	2983.5	596.7	3866624	773324.8	arrows,faces,hands,rest,sleepiness	1060	{"2.5":2,"3.0":3}	anat,beh,dwi,fmap,func
ds000201	sub-9081	ses-1	5	1	1	931771117	61601407	2923.0	584.6	3866624	773324.8	arrows,faces,hands,rest,sleepiness	1041	{"2.5":2,"3.0":3}	anat,beh,fmap,func
ds000201	sub-9081	ses-2	5	1	0	952366086	61049793	2971.5	594.3	3866624	773324.8	arrows,faces,hands,rest,sleepiness	1056	{"2.5":2,"3.0":3}	anat,beh,dwi,fmap,func
ds000201	sub-9082	ses-1	5	1	1	770800936	45790395	3103.0	620.6	3817472	763494.4	arrows,faces,hands,rest,sleepiness	1101	{"2.5":2,"3.0":3}	anat,beh,fmap,func
ds000201	sub-9082	ses-2	5	1	0	717704170	44945036	2986.0	597.2	3817472	763494.4	arrows,faces,hands,rest,sleepiness	1062	{"2.5":2,"3.0":3}	anat,beh,dwi,fmap,func
ds000201	sub-9083	ses-1	5	1	1	817035325	58740254	2945.0	589.0	3817472	763494.4	arrows,faces,hands,rest,sleepiness	1047	{"2.5":2,"3.0":3}	anat,beh,fmap,func
ds000201	sub-9083	ses-2	5	1	0	819634356	59375661	2975.0	595.0	3817472	763494.4	arrows,faces,hands,rest,sleepiness	1057	{"2.5":2,"3.0":3}	anat,beh,dwi,fmap,func
ds000201	sub-9084	ses-1	5	1	1	919928050	46563677	3329.0	665.8	3866624	773324.8	arrows,faces,hands,rest,sleepiness	1175	{"2.5":2,"3.0":3}	anat,beh,fmap,func
ds000201	sub-9084	ses-2	5	1	0	846409581	48131265	3115.5	623.1	3866624	773324.8	arrows,faces,hands,rest,sleepiness	1104	{"2.5":2,"3.0":3}	anat,beh,dwi,fmap,func
ds000201	sub-9085	ses-1	5	1	1	827367840	53075346	2944.5	588.9	3866624	773324.8	arrows,faces,hands,rest,sleepiness	1047	{"2.5":2,"3.0":3}	anat,beh,fmap,func
ds000201	sub-9085	ses-2	5	1	0	818627360	51950734	2934.5	586.9	3866624	773324.8	arrows,faces,hands,rest,sleepiness	1043	{"2.5":2,"3.0":3}	anat,beh,dwi,fmap,func
ds000201	sub-9086	ses-1	5	1	1	983605765	56993660	3256.5	651.3	3866624	773324.8	arrows,faces,hands,rest,sleepiness	1151	{"2.5":2,"3.0":3}	anat,beh,fmap,func
ds000201	sub-9086	ses-2	5	1	0	936784823	58473613	3119.0	623.8	3866624	773324.8	arrows,faces,hands,rest,sleepiness	1105	{"2.5":2,"3.0":3}	anat,beh,dwi,fmap,func
ds000201	sub-9087	ses-1	5	1	1	899327695	58968579	2992.5	598.5	3866624	773324.8	arrows,faces,hands,rest,sleepiness	1063	{"2.5":2,"3.0":3}	anat,beh,fmap,func
ds000201	sub-9087	ses-2	5	1	0	892938491	58586904	2955.0	591.0	3866624	773324.8	arrows,faces,hands,rest,sleepiness	1050	{"2.5":2,"3.0":3}	anat,beh,dwi,fmap,func
ds000201	sub-9088	ses-1	5	1	1	890011749	52524160	3190.5	638.1	3866624	773324.8	arrows,faces,hands,rest,sleepiness	1129	{"2.5":2,"3.0":3}	anat,beh,fmap,func
ds000201	sub-9088	ses-2	5	1	0	858083834	52877788	3071.0	614.2	3866624	773324.8	arrows,faces,hands,rest,sleepiness	1089	{"2.5":2,"3.0":3}	anat,beh,dwi,fmap,func
ds000201	sub-9089	ses-1	5	1	1	1018939938	62890216	3193.5	638.7	3866624	773324.8	arrows,faces,hands,rest,sleepiness	1130	{"2.5":2,"3.0":3}	anat,beh,fmap,func
ds000201	sub-9089	ses-2	5	1	0	939222277	63644155	2999.0	599.8	3866624	773324.8	arrows,faces,hands,rest,sleepiness	1065	{"2.5":2,"3.0":3}	anat,beh,dwi,fmap,func
ds000201	sub-9090	ses-1	5	1	1	804850247	57300414	2971.5	594.3	3817472	763494.4	arrows,faces,hands,rest,sleepiness	1056	{"2.5":2,"3.0":3}	anat,beh,fmap,func
ds000201	sub-9090	ses-2	5	1	0	791174724	58270118	2929.0	585.8	3817472	763494.4	arrows,faces,hands,rest,sleepiness	1042	{"2.5":2,"3.0":3}	anat,beh,dwi,fmap,func
ds000201	sub-9091	ses-1	5	1	1	868635653	61754270	3124.5	624.9	3817472	763494.4	arrows,faces,hands,rest,sleepiness	1107	{"2.5":2,"3.0":3}	anat,beh,fmap,func
ds000201	sub-9091	ses-2	5	1	0	843893239	59657473	3003.0	600.6	3817472	763494.4	arrows,faces,hands,rest,sleepiness	1067	{"2.5":2,"3.0":3}	anat,beh,dwi,fmap,func
ds000201	sub-9092	ses-1	5	1	1	918807143	58456135	3041.0	608.2	3866624	773324.8	arrows,faces,hands,rest,sleepiness	1079	{"2.5":2,"3.0":3}	anat,beh,fmap,func
ds000201	sub-9092	ses-2	5	1	0	968082914	58780504	3202.0	640.4	3866624	773324.8	arrows,faces,hands,rest,sleepiness	1134	{"2.5":2,"3.0":3}	anat,beh,dwi,fmap,func
ds000201	sub-9093	ses-1	5	1	1	918856819	54986705	3134.0	626.8	3866624	773324.8	arrows,faces,hands,rest,sleepiness	1110	{"2.5":2,"3.0":3}	anat,beh,fmap,func
ds000201	sub-9093	ses-2	5	1	0	895909291	54152814	3071.0	614.2	3866624	773324.8	arrows,faces,hands,rest,sleepiness	1089	{"2.5":2,"3.0":3}	anat,beh,dwi,fmap,func
ds000201	sub-9094	ses-1	5	1	1	883622391	48075128	3260.0	652.0	3866624	773324.8	arrows,faces,hands,rest,sleepiness	1152	{"2.5":2,"3.0":3}	anat,beh,fmap,func
ds000201	sub-9094	ses-2	5	1	0	854368107	48140159	3155.0	631.0	3866624	773324.8	arrows,faces,hands,rest,sleepiness	1117	{"2.5":2,"3.0":3}	anat,beh,dwi,fmap,func
ds000201	sub-9095	ses-1	5	1	1	900872162	64071697	2893.5	578.7	3866624	773324.8	arrows,faces,hands,rest,sleepiness	1030	{"2.5":2,"3.0":3}	anat,beh,fmap,func
ds000201	sub-9096	ses-1	5	1	1	893803943	55275785	3077.0	615.4	3866624	773324.8	arrows,faces,hands,rest,sleepiness	1091	{"2.5":2,"3.0":3}	anat,beh,func
ds000201	sub-9096	ses-2	5	1	0	893056345	54194037	3056.0	611.2	3866624	773324.8	arrows,faces,hands,rest,sleepiness	1084	{"2.5":2,"3.0":3}	anat,beh,dwi,fmap,func
ds000201	sub-9098	ses-1	5	1	1	852417136	56650794	3053.0	610.6	3866624	773324.8	arrows,faces,hands,rest,sleepiness	1083	{"2.5":2,"3.0":3}	anat,beh,fmap,func
ds000201	sub-9098	ses-2	5	1	0	866075443	56440482	3098.0	619.6	3866624	773324.8	arrows,faces,hands,rest,sleepiness	1098	{"2.5":2,"3.0":3}	anat,beh,dwi,fmap,func
ds000201	sub-9100	ses-1	5	1	1	905541764	59532047	2930.5	586.1	3866624	773324.8	arrows,faces,hands,rest,sleepiness	1041	{"2.5":2,"3.0":3}	anat,beh,func
ds000201	sub-9100	ses-2	5	1	0	919695169	60607161	2975.5	595.1	3866624	773324.8	arrows,faces,hands,rest,sleepiness	1057	{"2.5":2,"3.0":3}	anat,beh,dwi,fmap,func
